user_id,article_id,rating
1,2607,1
1,1445,1
1,911,1
1,857,1
1,2062,1
2,1228,1
2,884,1
2,2268,1
2,2359,1
3,1238,1
3,1011,1
3,2261,1
3,221,1
3,2918,1
3,2697,1
3,652,1
3,531,1
3,365,1
3,2241,1
3,1838,1
5,801,1
5,987,1
5,1591,1
7,1561,1
7,1944,1
8,2261,1
8,1667,1
8,2321,1
8,1989,1
8,2595,1
8,2404,1
8,1905,1
9,153,1
9,128,1
9,1117,1
9,2802,1
10,80,1
10,1583,1
10,1379,1
10,1249,1
11,2714,1
11,2629,1
11,654,1
11,2480,1
11,2585,1
11,2913,1
11,1898,1
11,943,1
11,2576,1
11,1491,1
11,357,1
12,1840,1
12,1879,1
13,2822,1
13,605,1
13,264,1
13,123,1
13,1872,1
13,979,1
13,86,1
14,726,1
14,1058,1
14,1607,1
14,2624,1
14,1030,1
14,998,1
14,580,1
14,2345,1
14,1851,1
14,1425,1
14,11,1
14,366,1
14,1419,1
14,166,1
14,1309,1
14,2710,1
14,2157,1
14,1582,1
14,1205,1
14,245,1
14,1806,1
14,2563,1
14,1373,1
14,144,1
14,1111,1
14,1604,1
14,2291,1
14,349,1
14,1741,1
14,2958,1
14,451,1
14,172,1
14,1218,1
14,2746,1
14,2388,1
14,481,1
14,1143,1
14,808,1
14,1742,1
14,2024,1
14,1412,1
14,931,1
14,2934,1
14,2871,1
14,958,1
14,310,1
14,1469,1
14,2581,1
14,419,1
14,1929,1
15,1108,1
15,2660,1
15,1035,1
15,1235,1
15,1228,1
15,456,1
15,1556,1
15,169,1
15,2327,1
15,2475,1
16,580,1
16,958,1
16,815,1
16,2002,1
16,1692,1
16,2275,1
16,1787,1
16,864,1
16,307,1
16,1700,1
16,2030,1
16,2623,1
16,1872,1
16,1685,1
16,748,1
16,2429,1
16,902,1
16,2661,1
16,2943,1
16,2707,1
16,1926,1
16,2835,1
16,2157,1
16,693,1
16,1989,1
16,2024,1
16,1227,1
16,962,1
16,1485,1
16,172,1
16,518,1
16,2371,1
16,1464,1
16,747,1
18,428,1
18,852,1
18,1987,1
18,2913,1
18,2212,1
18,2839,1
18,1797,1
18,1536,1
19,2864,1
19,1363,1
20,2475,1
20,872,1
20,1612,1
20,1254,1
20,1581,1
20,1847,1
20,2168,1
20,1389,1
20,884,1
20,777,1
20,105,1
20,1870,1
20,1700,1
20,783,1
20,2970,1
20,2480,1
20,1656,1
20,2268,1
21,276,1
21,461,1
22,1743,1
22,801,1
22,467,1
22,504,1
22,2781,1
22,1999,1
23,1254,1
23,1414,1
23,2430,1
24,2121,1
24,2475,1
24,188,1
24,1539,1
24,441,1
24,562,1
24,2135,1
24,672,1
24,2876,1
24,2392,1
24,228,1
24,1885,1
24,2924,1
24,1251,1
24,2568,1
24,1960,1
24,944,1
24,2796,1
24,752,1
24,1356,1
24,2131,1
24,504,1
24,2480,1
24,1045,1
24,2576,1
24,1224,1
26,1626,1
26,717,1
26,1404,1
26,1892,1
26,947,1
26,882,1
26,1185,1
26,733,1
26,638,1
26,2827,1
26,2322,1
26,1946,1
26,1960,1
26,1556,1
26,1323,1
26,2660,1
26,200,1
26,2324,1
26,1008,1
26,787,1
26,1810,1
26,82,1
26,1751,1
27,1535,1
27,2424,1
27,2540,1
27,2922,1
27,1306,1
27,864,1
27,706,1
27,2625,1
27,420,1
27,2278,1
27,747,1
27,1449,1
27,527,1
27,2642,1
27,1641,1
27,1938,1
27,1415,1
27,1252,1
27,1403,1
27,2718,1
27,2046,1
28,978,1
28,2955,1
28,1382,1
28,2168,1
28,1694,1
28,618,1
28,156,1
28,2563,1
28,523,1
28,1151,1
30,911,1
30,2607,1
31,2871,1
31,249,1
31,886,1
31,2581,1
32,2095,1
32,508,1
32,1404,1
32,2555,1
32,2884,1
32,172,1
32,832,1
32,857,1
32,2434,1
32,1179,1
32,1970,1
32,2390,1
32,197,1
32,1147,1
32,2793,1
32,815,1
32,23,1
33,1171,1
33,528,1
34,2359,1
34,1600,1
34,292,1
34,2091,1
34,2976,1
34,912,1
34,289,1
34,1539,1
34,1859,1
34,731,1
34,47,1
34,595,1
34,630,1
35,801,1
35,2562,1
35,1698,1
36,892,1
36,2062,1
36,1437,1
36,2159,1
36,2535,1
38,2469,1
38,2086,1
38,2149,1
38,1211,1
38,1716,1
38,1368,1
38,186,1
38,511,1
39,492,1
39,300,1
39,1375,1
39,311,1
40,502,1
40,1544,1
40,2407,1
41,967,1
41,2392,1
41,911,1
42,754,1
42,911,1
42,1904,1
42,1615,1
42,345,1
42,1597,1
42,737,1
42,1227,1
42,1464,1
42,315,1
42,979,1
42,2512,1
42,491,1
43,2581,1
43,2188,1
43,1256,1
43,1887,1
43,1562,1
43,1119,1
43,697,1
43,2871,1
43,717,1
43,2036,1
44,2517,1
44,1080,1
44,503,1
44,2474,1
44,1989,1
44,467,1
44,236,1
44,1029,1
44,1203,1
44,943,1
44,912,1
44,882,1
45,1403,1
45,248,1
45,1301,1
45,2404,1
45,2906,1
45,624,1
45,1524,1
45,2741,1
45,872,1
45,372,1
47,1889,1
47,47,1
47,783,1
47,1257,1
48,72,1
48,639,1
48,1794,1
48,1863,1
48,1636,1
48,1183,1
48,2709,1
48,1799,1
49,1904,1
49,3,1
49,1951,1
49,1730,1
49,1330,1
49,618,1
50,2825,1
50,666,1
50,2333,1
50,1425,1
50,581,1
50,2157,1
50,1147,1
50,2671,1
50,2527,1
50,884,1
50,1852,1
50,1159,1
52,1670,1
52,343,1
53,579,1
53,25,1
53,8,1
53,2239,1
53,2958,1
53,2653,1
53,2154,1
53,392,1
53,1110,1
53,2909,1
53,355,1
53,277,1
53,2256,1
54,776,1
54,2585,1
54,72,1
54,1123,1
55,1697,1
55,215,1
55,2567,1
55,1998,1
55,1139,1
55,1008,1
55,733,1
55,1759,1
56,1029,1
56,2948,1
57,1455,1
57,1797,1
57,1803,1
57,2268,1
57,2575,1
58,83,1
58,412,1
58,522,1
58,1134,1
58,1761,1
59,820,1
59,6,1
59,456,1
59,1886,1
60,2835,1
60,2817,1
60,2031,1
60,1562,1
61,1642,1
61,1103,1
61,2847,1
61,1974,1
61,1821,1
62,1249,1
62,2660,1
62,1366,1
63,1698,1
63,2062,1
63,1781,1
64,618,1
64,733,1
64,1896,1
64,1294,1
64,282,1
64,345,1
64,1148,1
64,2568,1
64,2388,1
64,481,1
64,1541,1
64,2805,1
64,2762,1
64,629,1
64,666,1
64,200,1
65,1463,1
65,777,1
65,804,1
65,1697,1
65,447,1
65,911,1
66,967,1
66,1185,1
66,1700,1
66,991,1
67,221,1
67,1600,1
67,1330,1
68,1348,1
68,615,1
68,2460,1
68,967,1
68,1761,1
68,2638,1
68,1205,1
71,2827,1
71,562,1
72,787,1
72,2871,1
72,1425,1
73,733,1
73,1964,1
73,130,1
73,445,1
73,2178,1
73,2517,1
73,675,1
73,1872,1
73,994,1
73,2602,1
74,2884,1
74,967,1
74,2202,1
74,540,1
74,411,1
74,1322,1
74,364,1
74,2895,1
74,522,1
74,1378,1
74,1604,1
75,42,1
75,2146,1
78,717,1
78,1249,1
78,1256,1
78,467,1
78,2324,1
78,1031,1
79,2805,1
79,2420,1
79,162,1
79,1951,1
79,1502,1
79,2976,1
79,1497,1
80,967,1
80,2020,1
81,509,1
81,82,1
81,1663,1
81,2085,1
81,349,1
83,2435,1
83,2835,1
83,2095,1
83,2425,1
83,1058,1
83,1321,1
84,1960,1
84,1425,1
84,1783,1
85,1532,1
85,2785,1
85,947,1
85,2568,1
85,235,1
85,410,1
85,2293,1
85,1715,1
85,1197,1
85,476,1
85,2555,1
86,1957,1
86,1698,1
86,2041,1
86,1576,1
86,2855,1
86,1624,1
86,73,1
86,2096,1
86,2182,1
86,1544,1
86,221,1
86,1839,1
86,2241,1
86,117,1
86,965,1
86,489,1
86,1287,1
86,747,1
86,2776,1
86,1859,1
86,2970,1
86,1542,1
86,94,1
86,1124,1
86,2450,1
86,1736,1
86,2448,1
86,438,1
86,2406,1
88,1366,1
88,2062,1
88,1021,1
88,2370,1
88,740,1
88,979,1
88,2552,1
88,2390,1
89,1867,1
89,832,1
89,1412,1
89,921,1
89,122,1
89,2127,1
89,589,1
89,650,1
89,311,1
89,1873,1
89,2660,1
89,2458,1
89,911,1
89,2717,1
89,2148,1
89,221,1
89,1023,1
91,1904,1
91,1922,1
91,520,1
91,1433,1
91,130,1
91,72,1
92,2500,1
92,2667,1
92,2095,1
93,2697,1
93,1021,1
93,1227,1
93,911,1
94,2324,1
94,697,1
94,2955,1
95,1472,1
95,2976,1
96,1536,1
96,1414,1
96,650,1
97,1755,1
97,580,1
97,1752,1
97,2865,1
97,221,1
97,2709,1
97,1652,1
98,2915,1
98,2292,1
98,520,1
98,1433,1
98,503,1
98,289,1
98,1119,1
98,1867,1
98,1425,1
101,1237,1
101,1228,1
102,710,1
102,2667,1
102,912,1
102,651,1
102,2007,1
102,6,1
104,911,1
104,1205,1
104,2361,1
104,944,1
104,2607,1
104,1634,1
106,855,1
106,862,1
106,455,1
107,1852,1
107,1379,1
107,2509,1
108,1047,1
108,522,1
108,6,1
108,1750,1
108,1736,1
108,1227,1
108,2512,1
109,2282,1
109,1867,1
109,1379,1
109,1945,1
109,2976,1
109,1154,1
109,1476,1
109,589,1
111,1916,1
111,2818,1
111,1674,1
111,1945,1
111,257,1
112,2211,1
112,612,1
112,2193,1
112,7,1
112,2292,1
112,2781,1
113,2248,1
113,739,1
113,1473,1
113,2964,1
113,2317,1
113,1089,1
113,2069,1
113,19,1
113,2193,1
113,1759,1
113,2562,1
113,2518,1
113,234,1
113,233,1
113,1425,1
113,612,1
113,500,1
114,43,1
114,1651,1
114,467,1
114,1397,1
115,164,1
115,602,1
115,1369,1
115,969,1
115,1366,1
115,1541,1
116,2388,1
116,1782,1
116,1783,1
117,481,1
117,46,1
117,1585,1
117,766,1
117,911,1
117,2528,1
117,314,1
117,2968,1
117,2957,1
117,2035,1
117,1952,1
118,2892,1
119,1129,1
119,2386,1
119,1403,1
119,967,1
119,1425,1
119,1739,1
119,1989,1
119,1081,1
119,1021,1
119,2030,1
119,1014,1
119,840,1
120,83,1
120,522,1
122,1541,1
122,1782,1
123,1562,1
123,979,1
123,1539,1
123,713,1
124,963,1
124,1011,1
124,2660,1
124,185,1
124,328,1
124,914,1
124,1497,1
124,2653,1
124,2474,1
124,930,1
124,620,1
124,550,1
125,1659,1
125,2666,1
125,1045,1
125,2321,1
125,333,1
126,830,1
126,2333,1
126,2073,1
126,690,1
126,1955,1
126,2239,1
127,1134,1
127,1294,1
127,2360,1
127,978,1
127,1432,1
127,2876,1
127,1479,1
127,859,1
128,1131,1
128,2310,1
128,967,1
128,2861,1
128,1322,1
128,690,1
129,2955,1
129,412,1
129,2407,1
129,2347,1
129,1671,1
129,2709,1
131,1211,1
131,1752,1
131,719,1
132,383,1
132,1062,1
132,2333,1
132,491,1
132,456,1
132,1685,1
132,2709,1
132,2680,1
133,2585,1
133,2582,1
133,2183,1
133,1743,1
133,2785,1
133,1275,1
133,467,1
133,47,1
133,282,1
134,1531,1
134,2494,1
134,2520,1
135,2154,1
135,2969,1
135,2688,1
135,2497,1
135,188,1
135,159,1
135,156,1
135,2673,1
135,2307,1
135,1114,1
135,2943,1
135,1992,1
135,2470,1
135,453,1
135,2333,1
135,580,1
135,1035,1
135,2645,1
135,582,1
135,1488,1
135,2111,1
136,1228,1
136,1217,1
136,169,1
136,44,1
137,2855,1
137,1872,1
138,1425,1
138,2315,1
138,1330,1
138,345,1
138,783,1
138,292,1
138,580,1
138,2871,1
138,864,1
138,2774,1
138,717,1
138,1989,1
138,1009,1
138,2430,1
139,1852,1
139,710,1
139,967,1
140,762,1
140,1008,1
140,1861,1
142,2094,1
142,234,1
142,2976,1
142,801,1
142,2839,1
142,2551,1
142,96,1
142,2261,1
142,562,1
142,467,1
142,1744,1
142,886,1
142,1803,1
142,1970,1
142,2054,1
144,2667,1
144,801,1
144,878,1
144,2274,1
144,1047,1
144,282,1
144,2350,1
146,2420,1
146,1200,1
146,600,1
146,2901,1
146,2027,1
146,1425,1
146,467,1
146,2475,1
146,1614,1
146,2277,1
146,1433,1
147,1671,1
147,1111,1
147,666,1
148,2673,1
148,2460,1
148,2223,1
148,1049,1
148,2099,1
148,1023,1
148,2007,1
148,1872,1
148,2048,1
148,166,1
148,2277,1
148,804,1
148,623,1
148,1604,1
148,46,1
148,563,1
148,1781,1
148,1075,1
148,2824,1
148,945,1
148,2809,1
148,794,1
148,2625,1
148,360,1
148,1317,1
148,233,1
148,1837,1
148,1030,1
148,2517,1
148,293,1
148,1929,1
148,1366,1
148,2855,1
148,1171,1
148,1389,1
148,1372,1
150,2062,1
150,2535,1
151,1870,1
151,2322,1
151,2969,1
151,1045,1
151,1631,1
151,2528,1
154,686,1
154,1945,1
154,1433,1
154,311,1
154,2218,1
154,1541,1
154,1782,1
154,599,1
154,1187,1
155,580,1
155,2581,1
157,1496,1
157,2934,1
157,778,1
157,502,1
157,2860,1
158,461,1
158,967,1
158,2563,1
159,1241,1
159,2029,1
159,2710,1
159,1675,1
159,1990,1
159,2521,1
159,2392,1
159,712,1
159,1476,1
159,1638,1
159,1504,1
160,511,1
160,1886,1
160,1945,1
160,943,1
160,325,1
160,1139,1
160,2697,1
160,68,1
160,1200,1
160,97,1
160,410,1
160,1430,1
160,2639,1
160,5,1
160,1414,1
160,1627,1
160,2581,1
160,2530,1
160,248,1
160,356,1
160,2308,1
160,215,1
160,795,1
160,473,1
160,1964,1
160,207,1
160,1358,1
160,1149,1
160,469,1
160,2090,1
160,2822,1
161,190,1
161,1727,1
161,1855,1
161,2020,1
161,166,1
161,580,1
161,510,1
161,188,1
161,2581,1
162,2410,1
162,1562,1
162,11,1
162,944,1
162,991,1
162,2781,1
163,1122,1
163,1944,1
163,694,1
163,580,1
163,1631,1
163,2594,1
163,85,1
163,769,1
163,967,1
163,2256,1
163,1581,1
163,35,1
164,2613,1
164,1989,1
164,2814,1
164,1173,1
166,857,1
166,47,1
166,2855,1
166,2361,1
166,1256,1
166,1425,1
166,2299,1
166,2488,1
166,2156,1
166,2812,1
166,2359,1
166,1479,1
166,1778,1
166,486,1
166,2660,1
166,618,1
166,1781,1
167,215,1
167,467,1
167,2684,1
167,932,1
168,1322,1
168,956,1
168,104,1
168,1344,1
168,2838,1
170,2178,1
170,257,1
170,2290,1
170,1710,1
170,1960,1
170,1634,1
171,2886,1
171,402,1
171,2933,1
171,330,1
171,911,1
171,1497,1
171,2709,1
172,1752,1
172,75,1
172,2270,1
172,2359,1
172,2974,1
172,2504,1
172,1785,1
172,2429,1
172,2673,1
172,1224,1
172,2547,1
172,508,1
172,1854,1
172,1065,1
172,911,1
172,765,1
172,971,1
172,2855,1
172,2906,1
172,1852,1
172,378,1
172,1211,1
173,2664,1
173,651,1
173,2709,1
174,546,1
174,2886,1
174,69,1
174,799,1
174,2219,1
174,757,1
174,496,1
174,1185,1
174,1201,1
174,2284,1
174,1952,1
174,2841,1
174,2955,1
174,1379,1
174,2068,1
175,2496,1
175,1205,1
176,651,1
176,2162,1
176,1330,1
176,31,1
176,2906,1
176,383,1
176,681,1
177,2392,1
177,221,1
178,801,1
178,1710,1
178,1870,1
178,967,1
178,2669,1
179,468,1
179,2581,1
180,319,1
180,345,1
180,1684,1
180,2444,1
180,2581,1
180,104,1
180,1656,1
180,1158,1
180,2497,1
180,1365,1
180,557,1
181,2497,1
181,1867,1
181,1148,1
181,2277,1
181,857,1
181,1249,1
181,2292,1
181,268,1
182,1861,1
182,486,1
183,932,1
183,1799,1
183,2089,1
183,2700,1
183,1021,1
183,739,1
183,1096,1
183,455,1
183,1393,1
183,275,1
183,681,1
184,882,1
184,2392,1
184,612,1
185,1518,1
185,2874,1
185,1926,1
185,2089,1
185,2600,1
185,979,1
185,197,1
185,2361,1
185,1852,1
185,334,1
185,2774,1
185,508,1
185,2745,1
185,1785,1
185,271,1
185,1148,1
185,481,1
186,1539,1
186,2830,1
186,221,1
188,776,1
188,147,1
188,221,1
188,596,1
190,122,1
190,566,1
191,501,1
191,884,1
191,408,1
191,2168,1
191,1265,1
191,892,1
191,2261,1
191,2683,1
191,1536,1
191,457,1
191,1550,1
192,1205,1
192,1700,1
192,1783,1
192,1612,1
192,1872,1
192,534,1
192,324,1
192,1960,1
192,1425,1
192,1865,1
193,2849,1
193,1339,1
193,225,1
193,850,1
193,2563,1
193,2730,1
193,1935,1
193,19,1
193,1371,1
193,2860,1
193,2705,1
194,2871,1
194,2322,1
195,2688,1
195,1763,1
195,329,1
195,967,1
196,1476,1
196,1630,1
196,631,1
196,686,1
197,1147,1
197,2653,1
197,1789,1
198,1227,1
198,11,1
198,2812,1
199,2654,1
199,612,1
199,2156,1
199,884,1
199,1782,1
199,1614,1
200,612,1
200,1785,1
200,1871,1
200,1501,1
200,2673,1
200,2841,1
200,531,1
200,2095,1
200,2874,1
200,491,1
200,748,1
201,1782,1
201,905,1
201,1152,1
201,2496,1
201,2407,1
201,2709,1
202,1185,1
202,2569,1
202,965,1
202,2686,1
202,618,1
202,1433,1
202,508,1
202,1939,1
202,1237,1
202,268,1
202,2111,1
202,1028,1
202,1425,1
202,1470,1
202,349,1
203,1631,1
203,444,1
203,2563,1
204,1562,1
204,412,1
205,1031,1
205,2655,1
205,2295,1
205,2955,1
205,1270,1
205,412,1
205,1562,1
205,345,1
207,1614,1
207,1425,1
207,2562,1
208,732,1
208,49,1
208,801,1
208,1786,1
208,1811,1
208,2874,1
208,53,1
208,493,1
208,2878,1
208,2938,1
208,790,1
208,969,1
208,2086,1
208,534,1
208,357,1
208,1465,1
208,2518,1
208,2806,1
208,169,1
208,2261,1
209,1651,1
209,443,1
209,1197,1
210,1949,1
210,2968,1
210,2664,1
210,539,1
210,2750,1
210,455,1
210,2248,1
210,561,1
211,2710,1
211,2598,1
212,302,1
212,1139,1
212,1320,1
212,1044,1
214,1433,1
214,1011,1
215,2277,1
215,2045,1
215,1710,1
217,481,1
217,2434,1
217,2555,1
217,1584,1
217,292,1
217,2548,1
218,2512,1
218,859,1
218,504,1
218,790,1
218,1960,1
218,944,1
218,1497,1
218,1685,1
218,911,1
218,1134,1
218,841,1
219,2881,1
219,336,1
219,2607,1
219,518,1
219,1028,1
219,2969,1
219,1700,1
219,2086,1
219,591,1
220,2154,1
220,1109,1
220,329,1
220,534,1
220,1075,1
220,162,1
220,43,1
220,889,1
220,1972,1
220,1598,1
220,1747,1
220,404,1
220,918,1
220,12,1
220,2557,1
220,1568,1
220,2671,1
220,2463,1
220,1366,1
220,1011,1
220,140,1
220,969,1
220,2960,1
220,2563,1
221,1121,1
221,1796,1
221,491,1
221,1171,1
221,1372,1
221,1250,1
221,16,1
221,2470,1
221,104,1
221,1554,1
221,2007,1
221,1698,1
222,1786,1
222,583,1
224,2582,1
224,128,1
224,1634,1
224,2591,1
224,1310,1
224,1396,1
224,80,1
224,485,1
225,1870,1
225,979,1
226,2191,1
226,2264,1
226,1675,1
228,2392,1
228,1872,1
228,1989,1
229,2195,1
229,2090,1
230,2148,1
230,1670,1
230,828,1
230,631,1
230,1630,1
230,2781,1
231,105,1
231,2813,1
231,2646,1
231,1794,1
231,2934,1
231,2970,1
231,737,1
231,2935,1
231,2734,1
231,2645,1
231,911,1
231,1697,1
231,2640,1
231,1363,1
231,777,1
231,1783,1
231,365,1
231,1393,1
231,2243,1
231,2062,1
231,1600,1
231,847,1
231,1531,1
231,1114,1
231,491,1
231,1940,1
231,2363,1
232,1806,1
232,1560,1
232,1980,1
232,850,1
232,2336,1
232,1663,1
232,2581,1
233,1797,1
233,2324,1
233,1684,1
233,1795,1
234,1433,1
235,191,1
235,19,1
236,2089,1
236,1675,1
236,947,1
236,2927,1
236,935,1
236,2334,1
237,1249,1
237,580,1
237,130,1
237,804,1
237,2095,1
238,1490,1
238,2058,1
240,1294,1
240,1414,1
241,2933,1
241,2052,1
241,508,1
242,1829,1
242,215,1
242,2665,1
242,2248,1
242,1631,1
243,781,1
243,277,1
243,967,1
243,562,1
244,2178,1
244,1433,1
244,1784,1
244,1584,1
244,2350,1
244,2388,1
244,686,1
244,2529,1
244,2156,1
244,2313,1
244,2884,1
244,911,1
244,1677,1
244,1867,1
244,2717,1
244,190,1
244,2392,1
244,2148,1
244,1824,1
244,589,1
244,1119,1
244,2563,1
244,620,1
244,239,1
244,343,1
244,311,1
244,1855,1
244,2211,1
246,2968,1
246,87,1
246,2094,1
246,2248,1
246,600,1
246,2790,1
247,2270,1
247,2581,1
248,249,1
248,2500,1
248,819,1
248,677,1
249,1320,1
249,75,1
249,2488,1
249,1852,1
250,1816,1
250,1669,1
251,1883,1
251,460,1
251,1078,1
251,148,1
251,355,1
251,969,1
251,2461,1
251,1988,1
251,2924,1
251,484,1
253,301,1
253,2509,1
253,1960,1
253,944,1
253,2673,1
253,1301,1
253,149,1
253,529,1
253,820,1
253,1922,1
253,1685,1
254,456,1
254,762,1
254,546,1
255,2521,1
255,1119,1
255,1128,1
257,2359,1
257,778,1
257,1118,1
257,47,1
257,1803,1
257,1124,1
257,268,1
257,2268,1
257,218,1
257,1869,1
257,1147,1
257,2661,1
257,1216,1
257,2646,1
257,1416,1
257,1135,1
257,1148,1
257,1525,1
257,1879,1
257,2064,1
257,2024,1
258,456,1
258,592,1
258,1797,1
258,2324,1
259,43,1
259,467,1
259,351,1
259,1106,1
259,2806,1
259,2213,1
259,1395,1
260,2660,1
260,1425,1
261,2439,1
261,2831,1
261,1425,1
261,1433,1
261,661,1
261,209,1
262,2079,1
262,2253,1
262,2491,1
262,1007,1
262,548,1
262,1275,1
262,681,1
262,345,1
262,1697,1
262,1324,1
262,2089,1
262,539,1
263,2721,1
263,2710,1
264,1425,1
264,832,1
264,2865,1
264,467,1
264,1663,1
264,2154,1
264,2903,1
264,2821,1
264,2119,1
264,2966,1
264,2214,1
264,694,1
264,2434,1
264,2673,1
264,1212,1
264,2333,1
264,2576,1
264,1051,1
264,1463,1
264,149,1
264,209,1
264,328,1
264,2470,1
265,1615,1
265,958,1
265,1716,1
265,624,1
266,1139,1
266,1752,1
266,1379,1
266,1697,1
266,1416,1
266,2359,1
266,2955,1
266,1062,1
267,540,1
267,1939,1
267,1614,1
269,2669,1
269,467,1
269,884,1
270,166,1
270,1054,1
270,2673,1
270,877,1
271,1612,1
271,271,1
271,1536,1
271,1031,1
271,1425,1
273,859,1
273,881,1
273,884,1
274,2518,1
274,1021,1
274,2725,1
274,1366,1
274,2620,1
274,1948,1
274,787,1
274,2653,1
274,2211,1
274,1759,1
278,1068,1
278,823,1
278,2068,1
278,330,1
279,1224,1
279,2597,1
279,1904,1
280,1562,1
280,518,1
280,209,1
280,2555,1
280,1854,1
280,2876,1
280,149,1
280,2853,1
280,2761,1
280,890,1
280,221,1
280,1224,1
281,2976,1
281,1867,1
281,2836,1
281,1291,1
281,2871,1
281,2174,1
282,618,1
282,495,1
282,706,1
282,2361,1
282,226,1
282,1147,1
282,2310,1
282,2213,1
282,2515,1
284,583,1
284,141,1
284,1710,1
284,2520,1
285,1716,1
285,685,1
287,1879,1
287,2660,1
287,1767,1
287,2555,1
287,755,1
287,2974,1
288,2310,1
288,2276,1
288,1823,1
288,2853,1
288,784,1
288,2448,1
291,322,1
291,733,1
291,2031,1
291,1433,1
291,204,1
291,522,1
291,221,1
291,580,1
291,2359,1
291,1476,1
291,1867,1
291,2178,1
291,1784,1
291,177,1
292,1562,1
292,885,1
292,144,1
292,1905,1
294,2976,1
294,1987,1
295,1756,1
295,560,1
295,1623,1
295,2072,1
295,2117,1
295,1102,1
295,1239,1
295,415,1
295,1557,1
295,2348,1
295,51,1
295,1979,1
295,2085,1
296,149,1
296,1825,1
296,1852,1
299,1946,1
299,234,1
299,1034,1
300,1767,1
300,726,1
300,1781,1
300,662,1
300,529,1
300,83,1
300,1224,1
301,1834,1
301,2094,1
301,1556,1
302,801,1
302,620,1
302,1106,1
302,2934,1
302,72,1
302,1846,1
302,1772,1
302,1861,1
302,221,1
303,2388,1
303,1782,1
303,2688,1
303,2627,1
303,2515,1
303,912,1
303,997,1
303,2717,1
305,840,1
305,1114,1
305,1433,1
306,292,1
306,1922,1
306,1091,1
306,200,1
306,2774,1
306,1686,1
306,1201,1
308,1562,1
308,1671,1
308,1228,1
308,799,1
308,1046,1
309,2883,1
309,130,1
309,1755,1
309,889,1
309,197,1
311,2308,1
311,918,1
311,1612,1
311,987,1
311,620,1
311,2469,1
311,1716,1
312,697,1
312,467,1
312,2871,1
313,1366,1
313,2178,1
313,2529,1
313,1946,1
315,2579,1
315,917,1
315,2296,1
315,2683,1
315,2734,1
315,963,1
315,1382,1
315,2955,1
315,456,1
315,2332,1
315,2196,1
315,1021,1
315,996,1
315,1091,1
316,2149,1
316,2529,1
316,1341,1
316,256,1
316,921,1
317,1652,1
317,1681,1
317,650,1
317,1430,1
317,1378,1
318,1084,1
318,2003,1
318,2384,1
318,2534,1
318,2436,1
318,1291,1
318,1710,1
320,799,1
320,1360,1
320,1437,1
321,149,1
321,509,1
321,506,1
321,83,1
321,717,1
321,2497,1
321,1684,1
321,2004,1
321,1238,1
321,1582,1
321,365,1
321,1227,1
322,1071,1
322,1015,1
322,2761,1
322,2616,1
324,1806,1
324,2781,1
324,1630,1
324,1784,1
324,1597,1
324,2016,1
324,1084,1
324,2603,1
324,2003,1
324,1989,1
324,1910,1
324,1991,1
324,143,1
324,567,1
324,2671,1
324,967,1
324,2800,1
324,80,1
324,1366,1
324,505,1
324,2401,1
324,122,1
324,35,1
324,1380,1
325,1699,1
325,629,1
325,2334,1
326,1278,1
326,2762,1
326,2974,1
326,188,1
326,978,1
326,631,1
326,790,1
327,1954,1
327,2388,1
327,508,1
327,586,1
328,2950,1
328,2667,1
328,2232,1
330,2744,1
330,2588,1
330,2299,1
330,510,1
330,1388,1
330,2392,1
330,2781,1
330,4,1
330,928,1
330,467,1
332,188,1
332,443,1
332,597,1
333,2710,1
333,186,1
334,313,1
334,1479,1
334,1562,1
334,2645,1
334,967,1
334,130,1
334,263,1
335,1020,1
335,1251,1
335,2382,1
335,1796,1
335,234,1
335,775,1
335,2209,1
335,1539,1
335,488,1
335,81,1
335,1030,1
335,1976,1
335,2062,1
335,402,1
335,2528,1
335,1008,1
335,2655,1
335,1905,1
335,69,1
335,1249,1
336,257,1
336,1205,1
337,1927,1
337,774,1
337,248,1
337,2183,1
337,1783,1
337,504,1
337,2035,1
337,2006,1
338,1964,1
338,2193,1
338,1134,1
339,1010,1
339,1781,1
339,1393,1
339,1179,1
339,2371,1
339,880,1
339,1700,1
339,561,1
339,166,1
339,1535,1
339,316,1
339,1507,1
339,2515,1
339,121,1
339,2915,1
339,1581,1
340,2895,1
340,2268,1
340,2568,1
340,1404,1
340,541,1
341,1212,1
341,2293,1
341,2884,1
341,1516,1
341,1542,1
341,2647,1
341,2460,1
341,1634,1
341,2865,1
342,87,1
342,1315,1
342,985,1
342,579,1
342,651,1
342,1003,1
343,2178,1
343,2268,1
345,1539,1
345,382,1
345,2569,1
345,2512,1
345,1750,1
345,792,1
345,2348,1
345,467,1
345,1960,1
345,1889,1
345,1309,1
345,1904,1
345,2388,1
345,1685,1
345,484,1
345,1111,1
346,2089,1
346,2806,1
346,2860,1
346,945,1
346,947,1
347,2596,1
347,2960,1
347,1091,1
347,2484,1
348,2976,1
348,1634,1
348,1425,1
348,575,1
348,1781,1
349,2853,1
349,1281,1
349,2180,1
349,1675,1
349,83,1
349,319,1
349,271,1
349,1062,1
349,1121,1
349,1148,1
350,1904,1
350,2432,1
350,2741,1
351,2253,1
351,292,1
351,1855,1
351,1382,1
352,1615,1
352,1861,1
352,1218,1
352,412,1
352,481,1
352,2671,1
352,541,1
352,1945,1
352,349,1
352,807,1
352,801,1
352,733,1
352,857,1
352,1436,1
352,275,1
352,2733,1
352,678,1
352,1228,1
352,1151,1
352,91,1
352,268,1
352,1249,1
352,1929,1
352,1008,1
352,2657,1
352,777,1
353,764,1
353,561,1
354,2750,1
354,455,1
354,1045,1
354,1256,1
357,2561,1
357,2365,1
357,1757,1
357,1486,1
357,257,1
357,791,1
357,795,1
358,2825,1
358,2745,1
358,2697,1
359,694,1
359,1759,1
359,651,1
359,912,1
360,479,1
360,476,1
360,1173,1
360,1697,1
360,2512,1
360,72,1
360,1851,1
360,1904,1
360,2660,1
360,1562,1
360,2730,1
360,155,1
360,1882,1
360,23,1
360,1335,1
360,2961,1
360,1414,1
360,524,1
360,1989,1
360,2209,1
361,33,1
361,496,1
361,754,1
362,2831,1
362,2796,1
362,1119,1
362,1238,1
362,1179,1
364,1357,1
364,286,1
365,444,1
365,1123,1
366,1562,1
366,2594,1
366,2902,1
366,378,1
366,1046,1
366,389,1
366,257,1
366,2293,1
366,1065,1
366,494,1
366,451,1
366,149,1
366,633,1
366,853,1
366,688,1
366,1926,1
366,2683,1
366,1994,1
368,1256,1
368,631,1
368,2818,1
369,188,1
369,122,1
370,2065,1
370,2955,1
370,618,1
370,2361,1
371,467,1
371,2392,1
371,2370,1
371,1425,1
371,1288,1
371,1407,1
371,1554,1
371,1885,1
371,631,1
371,1645,1
371,799,1
371,323,1
371,967,1
372,2578,1
372,1743,1
372,1275,1
372,2475,1
373,1297,1
373,1404,1
373,2527,1
373,1755,1
374,699,1
374,535,1
374,2975,1
374,2629,1
374,221,1
374,2194,1
374,2058,1
374,867,1
374,943,1
376,249,1
376,1617,1
377,1366,1
377,2562,1
378,2444,1
378,345,1
378,508,1
378,2068,1
378,330,1
378,1621,1
378,2392,1
379,649,1
379,2885,1
379,1916,1
380,2484,1
380,2816,1
380,2491,1
380,2660,1
380,967,1
380,2407,1
380,1694,1
381,553,1
381,122,1
381,1915,1
381,2388,1
381,717,1
381,1645,1
381,2781,1
382,1781,1
382,2796,1
382,213,1
382,1976,1
382,2656,1
382,69,1
383,1404,1
383,2504,1
383,1960,1
383,393,1
383,2895,1
383,2797,1
383,2741,1
383,1175,1
383,522,1
383,1785,1
384,1185,1
384,2220,1
384,1938,1
384,43,1
384,2825,1
384,319,1
384,1089,1
384,2060,1
384,2359,1
384,672,1
384,2537,1
384,2154,1
384,2633,1
384,1806,1
384,2900,1
384,2450,1
384,1243,1
384,654,1
384,74,1
384,2818,1
384,2880,1
384,232,1
384,412,1
384,1,1
384,1139,1
384,466,1
384,2386,1
384,2570,1
384,144,1
384,2505,1
384,1461,1
384,962,1
384,1555,1
384,1518,1
384,2718,1
384,2831,1
384,678,1
384,168,1
384,2714,1
384,271,1
384,986,1
384,371,1
384,537,1
384,2909,1
384,964,1
384,1403,1
384,233,1
384,1700,1
385,2976,1
385,2717,1
385,1404,1
385,1476,1
385,2361,1
385,1670,1
385,2480,1
385,79,1
385,2033,1
385,478,1
385,1651,1
385,1870,1
385,4,1
385,2928,1
385,188,1
385,1748,1
385,1975,1
385,2054,1
385,686,1
385,1205,1
386,2934,1
386,2407,1
386,2673,1
386,1716,1
386,911,1
386,2118,1
386,967,1
386,518,1
386,1094,1
386,1663,1
386,2647,1
386,1656,1
386,1752,1
386,2582,1
386,1562,1
386,1297,1
386,2815,1
387,1792,1
387,2769,1
387,2484,1
387,580,1
387,434,1
387,502,1
387,2669,1
387,456,1
388,1641,1
388,190,1
388,699,1
388,1782,1
388,1855,1
388,2585,1
388,1862,1
388,967,1
388,943,1
388,612,1
388,650,1
388,510,1
388,1412,1
388,1225,1
388,2127,1
388,824,1
388,2183,1
389,51,1
389,2641,1
389,1892,1
389,1861,1
389,2488,1
389,1308,1
389,1979,1
389,2774,1
389,1124,1
389,1228,1
389,77,1
389,1837,1
389,2031,1
389,2179,1
389,2562,1
390,82,1
390,2955,1
391,419,1
391,1164,1
391,783,1
391,2669,1
392,967,1
392,697,1
392,2496,1
392,2221,1
392,2388,1
392,882,1
393,2480,1
393,1020,1
393,1986,1
393,911,1
393,149,1
393,383,1
393,2805,1
393,936,1
393,2895,1
393,1692,1
393,1049,1
393,2274,1
393,412,1
394,2518,1
394,410,1
395,412,1
395,2062,1
395,322,1
397,307,1
397,2675,1
397,2532,1
397,2491,1
397,238,1
397,2868,1
397,2409,1
397,1372,1
397,2847,1
397,1837,1
397,921,1
397,912,1
397,221,1
397,2079,1
397,2614,1
397,404,1
397,1829,1
397,2165,1
397,2520,1
397,1885,1
397,1861,1
397,2086,1
397,2027,1
397,2248,1
399,1600,1
399,2651,1
399,2221,1
399,2664,1
399,1148,1
399,799,1
399,2660,1
399,1726,1
399,520,1
400,618,1
400,1785,1
400,1697,1
400,1378,1
400,1238,1
401,932,1
401,1905,1
401,1891,1
401,389,1
401,583,1
401,1251,1
401,2692,1
401,967,1
402,2955,1
402,1249,1
402,1582,1
402,2057,1
402,2154,1
402,697,1
403,149,1
403,383,1
403,1433,1
403,301,1
403,1425,1
403,2388,1
403,2955,1
403,2333,1
403,221,1
403,1188,1
404,967,1
404,1755,1
404,75,1
404,570,1
405,1479,1
405,1539,1
405,486,1
405,712,1
405,31,1
405,967,1
405,883,1
405,2968,1
405,72,1
405,1786,1
405,889,1
405,1932,1
405,2041,1
405,328,1
406,1729,1
406,467,1
406,1407,1
406,2183,1
406,2241,1
406,491,1
406,82,1
406,1597,1
406,2675,1
406,1653,1
406,2826,1
406,1014,1
406,1416,1
406,2654,1
406,192,1
406,2970,1
406,2865,1
406,451,1
407,1425,1
407,2058,1
407,1490,1
407,1029,1
408,882,1
408,1536,1
408,2475,1
408,2368,1
408,467,1
410,1253,1
410,1035,1
410,1378,1
410,1700,1
410,1539,1
410,1228,1
410,726,1
410,2065,1
410,1792,1
410,2962,1
410,1087,1
410,1308,1
411,443,1
411,1404,1
411,876,1
411,2970,1
411,188,1
411,2065,1
411,1755,1
411,1378,1
411,2512,1
411,1179,1
411,166,1
411,200,1
411,1562,1
411,596,1
411,540,1
411,715,1
412,2592,1
412,2359,1
412,2943,1
412,1974,1
412,17,1
412,967,1
412,2458,1
412,1904,1
412,2608,1
412,517,1
412,1578,1
412,884,1
412,2685,1
412,1433,1
412,1795,1
412,467,1
412,383,1
412,1626,1
412,149,1
412,1031,1
412,807,1
412,1322,1
412,174,1
413,2375,1
413,1999,1
413,2062,1
413,1562,1
413,807,1
413,1777,1
413,2011,1
413,1834,1
413,784,1
413,2376,1
413,1626,1
414,2711,1
414,1618,1
414,346,1
414,221,1
414,2553,1
415,1829,1
415,2947,1
415,2260,1
415,2079,1
415,2826,1
415,1691,1
415,2385,1
415,886,1
415,766,1
415,307,1
416,2062,1
416,122,1
416,2670,1
416,2501,1
417,2597,1
418,478,1
418,467,1
418,410,1
419,412,1
419,690,1
419,382,1
420,1414,1
420,2562,1
420,932,1
420,1007,1
420,1556,1
420,1785,1
420,614,1
420,2813,1
420,737,1
420,2595,1
420,996,1
420,2666,1
420,757,1
420,188,1
420,274,1
420,2825,1
420,2382,1
420,1621,1
420,2131,1
420,1652,1
420,1067,1
420,524,1
422,2319,1
422,860,1
422,211,1
422,1021,1
422,2168,1
422,1382,1
422,2375,1
422,2244,1
422,1227,1
422,1740,1
422,2836,1
422,1834,1
422,1636,1
422,456,1
422,1752,1
422,2527,1
422,1322,1
422,2855,1
423,1556,1
423,2932,1
423,1148,1
423,263,1
423,1527,1
423,2253,1
423,50,1
423,2776,1
423,1062,1
423,1309,1
423,580,1
423,854,1
423,2924,1
423,1378,1
423,2929,1
423,2218,1
423,777,1
423,2713,1
423,2482,1
423,157,1
423,2940,1
423,1253,1
423,525,1
423,394,1
423,1678,1
423,2509,1
423,2435,1
423,1205,1
423,456,1
423,1502,1
423,319,1
423,379,1
423,682,1
423,965,1
423,2307,1
423,888,1
423,2180,1
423,334,1
423,596,1
423,1404,1
423,689,1
423,2114,1
423,1715,1
423,271,1
423,1542,1
423,2613,1
423,752,1
423,1781,1
423,1469,1
424,1630,1
424,1521,1
424,1849,1
424,1636,1
424,2976,1
425,1861,1
425,1939,1
425,1205,1
425,2903,1
425,2968,1
425,2261,1
425,2649,1
425,2125,1
426,1575,1
426,1698,1
426,98,1
427,967,1
427,1425,1
427,2064,1
427,69,1
428,1554,1
428,1222,1
428,824,1
428,2889,1
428,1043,1
428,1817,1
428,1928,1
428,2365,1
428,1964,1
428,2458,1
428,1631,1
428,1961,1
428,758,1
428,1614,1
428,2515,1
428,35,1
428,503,1
428,2127,1
428,1476,1
428,606,1
428,1783,1
428,962,1
428,650,1
430,2867,1
430,1021,1
430,1661,1
430,698,1
430,2264,1
430,1109,1
430,2716,1
430,2903,1
430,535,1
430,1631,1
430,699,1
430,2886,1
430,2669,1
430,1503,1
430,503,1
430,2183,1
430,1554,1
430,654,1
430,2025,1
430,1288,1
430,1743,1
431,2881,1
431,1681,1
432,1585,1
432,2933,1
432,1960,1
432,2660,1
432,504,1
432,2307,1
432,2853,1
432,2741,1
433,1102,1
433,1455,1
433,1874,1
433,2883,1
433,1854,1
433,2275,1
433,1551,1
433,2402,1
435,1946,1
435,1989,1
436,911,1
436,884,1
436,1365,1
436,455,1
437,909,1
437,669,1
437,2826,1
437,428,1
437,1433,1
437,2614,1
437,1972,1
437,1216,1
437,994,1
437,2839,1
437,918,1
437,765,1
437,2047,1
437,1896,1
438,1096,1
438,969,1
438,762,1
438,1870,1
438,109,1
438,2646,1
438,2762,1
438,1173,1
438,2268,1
439,292,1
439,410,1
440,1433,1
440,115,1
440,2488,1
440,2388,1
441,1767,1
441,586,1
441,541,1
441,1700,1
441,1205,1
441,1940,1
441,2112,1
441,719,1
441,2030,1
441,2641,1
441,2554,1
441,2484,1
442,1633,1
442,49,1
442,2332,1
442,2533,1
442,1695,1
442,1883,1
442,1007,1
442,2187,1
442,97,1
442,2799,1
442,911,1
442,861,1
442,620,1
442,404,1
442,2423,1
442,2903,1
442,2048,1
442,2624,1
442,511,1
442,1659,1
442,1419,1
442,2923,1
442,1806,1
442,2567,1
442,919,1
442,1712,1
442,1209,1
443,456,1
443,2968,1
443,2520,1
443,958,1
443,506,1
444,2653,1
444,2903,1
445,2761,1
445,2597,1
445,2955,1
445,575,1
445,66,1
445,1736,1
445,161,1
445,1952,1
445,596,1
446,1431,1
446,289,1
446,1614,1
446,93,1
446,1367,1
446,959,1
446,2793,1
446,910,1
446,1940,1
446,873,1
446,2906,1
446,583,1
446,757,1
446,1834,1
446,790,1
446,2436,1
446,906,1
446,95,1
446,546,1
446,1872,1
446,2255,1
446,1411,1
446,2908,1
446,1478,1
446,2781,1
446,736,1
446,597,1
446,56,1
446,1389,1
448,2781,1
448,221,1
448,282,1
448,72,1
449,2396,1
449,234,1
450,1797,1
450,1795,1
453,319,1
453,1882,1
453,2356,1
453,1433,1
453,2133,1
453,109,1
453,456,1
455,1825,1
455,467,1
455,1562,1
456,468,1
456,122,1
456,286,1
458,2292,1
458,967,1
458,2781,1
458,1710,1
458,560,1
458,712,1
459,2830,1
459,1904,1
459,1583,1
459,1425,1
459,1778,1
459,2261,1
459,680,1
459,1011,1
459,4,1
460,2094,1
460,2388,1
460,481,1
460,1885,1
461,2173,1
461,2235,1
461,2781,1
461,89,1
461,894,1
462,1362,1
462,601,1
462,105,1
462,2803,1
463,2962,1
463,2299,1
463,1433,1
465,1389,1
465,697,1
465,2927,1
466,2155,1
466,1156,1
466,2253,1
466,2312,1
466,2697,1
467,1870,1
467,1159,1
467,56,1
467,1539,1
467,1459,1
467,169,1
467,2510,1
468,2713,1
468,229,1
468,1425,1
469,2036,1
469,580,1
470,2670,1
470,467,1
470,2543,1
470,819,1
470,2935,1
470,799,1
470,215,1
472,72,1
472,1636,1
472,1630,1
473,2779,1
473,561,1
473,2731,1
475,2709,1
475,2400,1
477,1730,1
477,2076,1
477,588,1
477,1500,1
477,405,1
477,2345,1
477,1849,1
477,1368,1
477,2460,1
477,1989,1
478,1031,1
478,911,1
478,600,1
478,144,1
478,2855,1
478,1960,1
479,1346,1
479,1879,1
479,2339,1
479,1112,1
480,2062,1
480,1942,1
481,491,1
481,886,1
481,2871,1
481,1249,1
482,2883,1
482,967,1
482,234,1
483,1205,1
483,1989,1
483,910,1
483,1556,1
483,2400,1
483,651,1
483,2025,1
484,2659,1
484,2555,1
484,1320,1
484,2462,1
484,419,1
484,322,1
484,551,1
484,921,1
484,1479,1
484,2256,1
484,481,1
484,1433,1
484,1096,1
484,2333,1
484,2906,1
484,2268,1
484,884,1
484,1414,1
484,412,1
484,314,1
484,930,1
484,1162,1
485,2099,1
485,2746,1
485,2673,1
485,2855,1
485,2291,1
485,1806,1
486,2007,1
486,129,1
486,958,1
486,2928,1
486,1309,1
486,393,1
486,2068,1
486,1124,1
486,2876,1
486,1182,1
486,1742,1
486,2089,1
486,2908,1
486,1694,1
486,2154,1
486,698,1
486,232,1
487,1861,1
487,2491,1
487,921,1
487,1885,1
487,552,1
487,807,1
487,2385,1
487,463,1
487,169,1
487,1618,1
487,2818,1
487,356,1
488,188,1
488,886,1
489,2896,1
489,1996,1
489,737,1
489,1433,1
489,1069,1
489,267,1
490,644,1
490,2307,1
490,2333,1
490,1929,1
490,2451,1
491,1497,1
491,618,1
491,2118,1
491,2902,1
491,1847,1
491,522,1
491,1550,1
491,167,1
491,2607,1
491,1929,1
492,1675,1
492,1346,1
492,1614,1
494,1159,1
494,1554,1
494,2355,1
494,2690,1
494,503,1
494,2913,1
494,1414,1
494,667,1
494,1346,1
494,1073,1
494,468,1
494,2781,1
494,1764,1
494,2240,1
494,560,1
494,2285,1
494,1682,1
494,2365,1
494,731,1
494,2787,1
494,2604,1
495,105,1
495,950,1
495,1360,1
495,109,1
495,1164,1
495,2818,1
495,1191,1
495,2826,1
495,43,1
495,307,1
495,2248,1
495,665,1
495,672,1
495,1560,1
495,2540,1
495,1744,1
495,237,1
495,1368,1
495,2044,1
495,215,1
495,930,1
495,469,1
495,1435,1
495,1554,1
495,982,1
496,419,1
496,1021,1
496,42,1
496,1904,1
496,934,1
496,853,1
496,1769,1
496,986,1
496,2061,1
496,38,1
496,271,1
496,1721,1
496,1510,1
496,2396,1
496,2219,1
496,556,1
496,685,1
496,2805,1
496,1542,1
496,1847,1
496,1500,1
496,1781,1
496,2719,1
496,94,1
496,1874,1
496,2364,1
496,2928,1
496,2671,1
496,1666,1
496,1403,1
496,1143,1
496,1521,1
496,2512,1
496,2908,1
496,1089,1
496,334,1
496,2334,1
496,378,1
496,1290,1
497,2324,1
497,2733,1
497,461,1
498,976,1
498,367,1
498,2935,1
498,1945,1
499,1433,1
499,1476,1
499,1867,1
499,467,1
499,389,1
499,1803,1
499,2781,1
499,2392,1
499,612,1
500,1031,1
500,820,1
500,1257,1
501,893,1
501,2096,1
501,1317,1
501,2448,1
501,1795,1
501,1344,1
501,2909,1
501,190,1
501,339,1
501,853,1
501,678,1
501,1924,1
501,2438,1
501,2669,1
501,469,1
501,1089,1
501,2660,1
501,64,1
501,1405,1
501,512,1
501,1957,1
501,1233,1
501,245,1
502,234,1
503,877,1
503,976,1
503,630,1
503,1224,1
503,226,1
503,2442,1
503,1837,1
503,2924,1
503,752,1
503,1280,1
503,1485,1
503,2855,1
503,1556,1
503,2269,1
503,986,1
503,2700,1
503,1305,1
503,1736,1
503,112,1
503,1578,1
503,793,1
503,2263,1
503,1365,1
503,1991,1
503,174,1
503,373,1
503,1894,1
503,2905,1
503,870,1
503,1446,1
503,122,1
503,774,1
503,1233,1
503,2579,1
503,968,1
503,276,1
503,956,1
503,1799,1
503,2294,1
503,2346,1
503,2671,1
503,392,1
503,2041,1
503,2647,1
503,67,1
503,1847,1
503,1318,1
503,974,1
503,2809,1
503,1420,1
503,144,1
503,2151,1
503,835,1
503,1633,1
503,907,1
503,2376,1
504,223,1
504,1393,1
504,1998,1
504,2646,1
504,1228,1
505,2337,1
505,468,1
505,1357,1
505,2657,1
505,215,1
505,2567,1
505,365,1
505,1742,1
506,2475,1
506,1063,1
506,1947,1
506,1640,1
506,722,1
506,1960,1
506,1553,1
506,804,1
506,1918,1
506,1982,1
506,2653,1
506,2260,1
506,958,1
506,1404,1
506,502,1
506,387,1
506,2818,1
506,88,1
506,1119,1
506,1522,1
506,491,1
507,80,1
507,64,1
507,2915,1
507,1977,1
507,788,1
507,359,1
507,1404,1
507,963,1
507,241,1
507,1929,1
507,2480,1
507,882,1
507,188,1
507,1989,1
507,615,1
507,1208,1
507,567,1
507,1915,1
507,2964,1
507,1300,1
507,2661,1
507,155,1
508,1379,1
508,1697,1
508,1493,1
508,2277,1
508,2653,1
508,2333,1
508,2361,1
509,2576,1
509,629,1
509,1205,1
509,2475,1
509,1029,1
509,2839,1
509,520,1
509,523,1
509,2660,1
511,1341,1
511,49,1
511,1861,1
511,328,1
511,53,1
511,2697,1
511,2167,1
511,829,1
511,1942,1
512,412,1
512,375,1
512,2573,1
512,1764,1
512,615,1
512,532,1
512,59,1
512,1675,1
512,1425,1
512,2660,1
512,967,1
512,2505,1
512,2814,1
512,2770,1
512,81,1
512,467,1
513,1343,1
513,1652,1
513,2841,1
513,967,1
513,2641,1
513,301,1
513,2709,1
513,1750,1
515,2603,1
515,1872,1
515,2333,1
515,597,1
515,876,1
515,1932,1
515,666,1
515,276,1
515,263,1
515,2796,1
515,2976,1
515,85,1
515,2669,1
515,218,1
516,2195,1
516,481,1
517,1218,1
517,1374,1
517,1769,1
517,2261,1
517,1838,1
517,1405,1
517,2686,1
517,2906,1
517,1673,1
517,2361,1
517,947,1
517,2178,1
518,1305,1
518,602,1
518,197,1
518,2709,1
518,2917,1
518,2660,1
518,589,1
518,2424,1
518,1584,1
518,339,1
518,2480,1
518,1460,1
518,1294,1
518,2025,1
519,618,1
519,1404,1
519,1374,1
522,2903,1
522,1901,1
522,1256,1
522,1688,1
522,87,1
522,24,1
522,2313,1
522,1368,1
522,256,1
522,431,1
522,2062,1
522,779,1
522,1374,1
522,2283,1
522,1782,1
522,1520,1
522,2191,1
522,589,1
522,2248,1
522,2261,1
522,2825,1
522,1266,1
524,2563,1
524,2570,1
524,2448,1
524,339,1
524,531,1
524,1556,1
524,1425,1
524,168,1
524,1073,1
524,870,1
524,1237,1
524,1603,1
524,1366,1
524,307,1
524,2900,1
524,256,1
524,1283,1
524,2745,1
524,2380,1
524,1747,1
524,1317,1
524,225,1
524,1018,1
524,469,1
524,1777,1
524,2281,1
524,2217,1
525,567,1
525,897,1
525,602,1
525,166,1
525,925,1
525,495,1
525,1989,1
525,2790,1
525,226,1
525,153,1
525,1571,1
525,950,1
525,1310,1
525,1866,1
525,801,1
525,678,1
525,2652,1
525,104,1
525,1636,1
525,1539,1
525,2958,1
525,2424,1
525,190,1
525,1455,1
525,454,1
525,1048,1
525,2263,1
525,2314,1
525,2826,1
525,97,1
525,2619,1
525,1585,1
525,994,1
525,2235,1
525,2686,1
525,1397,1
525,2532,1
525,2561,1
525,840,1
525,196,1
525,1750,1
525,2635,1
525,757,1
525,2229,1
525,1233,1
525,491,1
525,1167,1
525,887,1
525,106,1
525,155,1
525,2903,1
525,773,1
525,1340,1
525,1293,1
525,875,1
525,317,1
527,662,1
527,134,1
527,1322,1
527,1970,1
527,2672,1
527,383,1
527,2853,1
527,1423,1
527,2150,1
527,481,1
528,1257,1
528,2955,1
528,1521,1
529,652,1
529,1374,1
529,2444,1
529,967,1
529,1929,1
529,577,1
530,2451,1
530,1433,1
530,122,1
530,967,1
530,799,1
531,2324,1
531,81,1
531,1031,1
531,282,1
531,2488,1
531,130,1
532,900,1
532,1335,1
533,2680,1
533,383,1
533,2746,1
533,1667,1
533,115,1
533,2855,1
533,1929,1
533,1851,1
533,2417,1
533,690,1
533,147,1
533,104,1
533,1787,1
533,644,1
533,1470,1
533,840,1
533,1067,1
533,1254,1
533,2950,1
533,1810,1
533,618,1
533,968,1
533,1886,1
533,2509,1
533,1874,1
533,96,1
533,772,1
533,1034,1
533,2688,1
533,914,1
533,2495,1
533,920,1
533,804,1
533,1588,1
533,1111,1
533,2624,1
533,713,1
534,976,1
534,942,1
534,275,1
534,2295,1
534,1273,1
534,539,1
534,1699,1
534,209,1
534,2072,1
534,1870,1
534,681,1
534,889,1
534,1319,1
534,1040,1
534,1960,1
534,1631,1
534,1385,1
535,2877,1
535,857,1
535,2062,1
535,1294,1
535,2517,1
536,82,1
536,1439,1
538,854,1
538,1124,1
538,261,1
538,214,1
539,2518,1
539,1752,1
539,911,1
539,2168,1
539,2410,1
539,2563,1
539,2608,1
539,2567,1
539,801,1
539,1614,1
539,967,1
539,946,1
540,1868,1
540,1929,1
540,967,1
540,1481,1
540,2488,1
541,998,1
541,697,1
541,2576,1
542,1124,1
542,2900,1
542,2361,1
542,80,1
542,1374,1
542,618,1
542,260,1
542,1939,1
542,2162,1
542,2761,1
542,2324,1
542,1970,1
542,2460,1
542,597,1
542,1150,1
542,2781,1
542,31,1
542,1172,1
542,1061,1
542,99,1
542,659,1
542,45,1
544,1682,1
544,497,1
544,2955,1
545,2943,1
545,486,1
545,1571,1
546,2969,1
546,813,1
546,726,1
546,1187,1
546,166,1
546,230,1
546,1072,1
546,580,1
547,1049,1
547,2855,1
547,832,1
547,268,1
548,467,1
548,456,1
548,188,1
548,2709,1
548,1249,1
549,313,1
549,1505,1
549,2089,1
549,328,1
549,1615,1
549,719,1
549,626,1
550,777,1
550,2876,1
550,149,1
550,2969,1
551,1562,1
551,506,1
551,1322,1
552,691,1
552,508,1
553,290,1
553,2943,1
553,1425,1
553,494,1
553,1405,1
555,1697,1
555,331,1
556,618,1
556,2095,1
556,1781,1
556,1767,1
556,2869,1
556,944,1
556,2642,1
556,1378,1
556,2221,1
556,149,1
556,2418,1
556,2333,1
556,2697,1
556,456,1
556,911,1
556,610,1
556,2375,1
556,1687,1
556,2955,1
556,1031,1
556,1861,1
557,1238,1
557,1644,1
558,1307,1
558,2855,1
559,2781,1
559,221,1
559,271,1
559,612,1
560,1710,1
560,1990,1
560,17,1
561,2392,1
561,2839,1
561,2976,1
561,1782,1
561,631,1
561,1536,1
561,311,1
562,958,1
562,1614,1
562,2660,1
563,2051,1
563,1786,1
563,1047,1
563,910,1
563,2853,1
563,985,1
563,155,1
563,2258,1
563,750,1
563,2970,1
563,1510,1
563,1729,1
563,2661,1
563,1673,1
563,2143,1
563,1389,1
563,2563,1
563,1847,1
563,2287,1
563,1556,1
563,650,1
563,2876,1
563,1940,1
563,2277,1
563,2025,1
563,1855,1
563,1267,1
563,2382,1
563,2347,1
563,2475,1
563,1448,1
563,1522,1
563,433,1
563,651,1
563,2441,1
563,2255,1
563,2417,1
563,2552,1
563,2948,1
563,2847,1
563,364,1
563,1224,1
564,1063,1
564,1663,1
564,411,1
564,149,1
564,2906,1
564,1960,1
564,2520,1
564,85,1
564,215,1
564,2576,1
564,823,1
566,82,1
566,2685,1
566,2709,1
567,465,1
567,72,1
568,728,1
568,1363,1
568,2781,1
569,1872,1
569,2027,1
569,1476,1
570,2094,1
570,1641,1
570,2968,1
570,1126,1
570,2385,1
570,2153,1
570,2604,1
570,1011,1
570,732,1
572,1782,1
572,311,1
573,726,1
573,275,1
573,468,1
573,1857,1
573,2660,1
573,2466,1
573,1949,1
573,1094,1
573,1518,1
573,2692,1
573,681,1
574,2688,1
574,1597,1
574,967,1
574,612,1
575,2948,1
575,2562,1
575,1870,1
575,2495,1
575,166,1
575,2334,1
575,757,1
575,1603,1
575,2733,1
576,2895,1
576,1072,1
577,1614,1
577,72,1
577,162,1
577,2469,1
578,977,1
578,1886,1
578,2155,1
578,698,1
578,638,1
578,1018,1
578,2836,1
578,1933,1
578,1691,1
578,960,1
578,2302,1
578,2167,1
578,2221,1
578,169,1
578,1591,1
578,2825,1
578,2903,1
578,672,1
578,2594,1
578,352,1
578,909,1
578,584,1
578,1430,1
578,511,1
578,2779,1
578,1980,1
578,472,1
578,1011,1
578,967,1
578,221,1
578,2640,1
578,190,1
578,2160,1
578,2191,1
578,196,1
578,401,1
578,2420,1
578,356,1
578,488,1
578,2878,1
578,2377,1
579,1487,1
579,496,1
579,2876,1
579,1414,1
580,589,1
580,1205,1
580,467,1
580,591,1
580,2193,1
580,2496,1
580,2263,1
580,1476,1
580,1380,1
580,510,1
580,1525,1
580,631,1
580,1924,1
580,2575,1
580,2350,1
580,2564,1
580,2127,1
580,1630,1
580,311,1
580,492,1
580,2388,1
580,1929,1
581,2333,1
581,1148,1
582,6,1
582,2324,1
582,1006,1
583,17,1
583,820,1
583,2568,1
583,2933,1
583,2460,1
583,1539,1
583,2361,1
583,1416,1
583,1952,1
583,2062,1
583,968,1
583,2307,1
583,1562,1
583,301,1
583,1879,1
583,468,1
583,890,1
583,2275,1
583,2651,1
584,885,1
584,169,1
584,2062,1
584,2874,1
584,1525,1
584,1657,1
584,1425,1
584,2666,1
584,1007,1
585,2293,1
585,2036,1
585,383,1
585,580,1
586,2076,1
586,1630,1
586,292,1
586,921,1
586,1860,1
586,286,1
586,288,1
586,1222,1
586,562,1
586,2781,1
586,2717,1
586,686,1
587,304,1
587,2660,1
589,1283,1
589,2488,1
590,1472,1
590,1566,1
590,2883,1
590,1518,1
590,384,1
590,2868,1
590,450,1
590,2445,1
590,1604,1
590,1397,1
590,2202,1
590,461,1
591,1782,1
591,1585,1
591,1476,1
591,1425,1
591,2537,1
591,184,1
591,1867,1
591,1630,1
591,75,1
591,714,1
591,1838,1
591,383,1
591,1094,1
591,2638,1
591,122,1
592,756,1
592,2562,1
592,2741,1
593,353,1
593,2411,1
593,539,1
594,629,1
594,1127,1
594,2392,1
594,791,1
594,2814,1
594,355,1
594,901,1
594,737,1
594,142,1
596,790,1
596,1904,1
596,1335,1
598,262,1
598,654,1
598,1663,1
599,1752,1
599,1157,1
599,2460,1
599,2906,1
599,1929,1
599,872,1
599,2383,1
599,2457,1
599,1175,1
599,522,1
599,1837,1
599,944,1
599,2268,1
599,1716,1
602,2825,1
602,605,1
602,2867,1
602,1806,1
602,1999,1
602,1837,1
602,1377,1
602,1173,1
602,2968,1
602,2681,1
602,1814,1
602,1967,1
602,262,1
602,283,1
602,2361,1
602,221,1
602,1366,1
602,2826,1
602,2294,1
602,1372,1
602,518,1
602,2512,1
602,1612,1
602,967,1
602,1048,1
603,2730,1
603,1962,1
603,16,1
603,2456,1
603,1091,1
603,2025,1
603,782,1
603,1020,1
603,1461,1
603,1539,1
603,1906,1
603,736,1
604,2455,1
604,2256,1
604,518,1
604,92,1
604,1820,1
604,2361,1
604,1008,1
604,737,1
604,1141,1
604,1143,1
604,188,1
604,2680,1
605,2211,1
605,1119,1
605,1663,1
605,2669,1
605,631,1
605,249,1
606,1365,1
606,1270,1
608,1960,1
608,1455,1
608,1249,1
608,1094,1
609,2202,1
609,2781,1
609,2725,1
610,1404,1
610,1811,1
611,1378,1
611,1964,1
611,1031,1
612,225,1
612,1586,1
612,2129,1
612,2862,1
612,1821,1
612,2532,1
612,2461,1
612,2314,1
612,1084,1
612,32,1
612,1249,1
612,600,1
612,937,1
612,1494,1
612,1414,1
612,57,1
612,1772,1
612,2370,1
612,206,1
612,2201,1
612,2460,1
612,1585,1
612,2155,1
612,1209,1
612,1631,1
612,1638,1
612,484,1
612,1468,1
612,2491,1
612,2442,1
612,1806,1
612,1554,1
612,765,1
612,1360,1
612,355,1
612,520,1
612,2377,1
612,2681,1
612,109,1
612,2826,1
612,150,1
613,1249,1
613,596,1
613,2178,1
614,2036,1
614,2054,1
614,1357,1
615,1491,1
615,2160,1
615,2248,1
615,1885,1
615,1395,1
615,307,1
615,2881,1
615,2705,1
615,1113,1
615,2113,1
615,1166,1
615,1787,1
616,2361,1
616,1777,1
616,2883,1
616,2320,1
616,1217,1
616,1600,1
616,1946,1
616,959,1
616,2902,1
616,1960,1
616,2963,1
616,1119,1
616,467,1
616,208,1
616,2865,1
616,500,1
616,32,1
616,820,1
616,1755,1
616,1228,1
616,2874,1
616,149,1
617,1151,1
617,857,1
617,1031,1
617,1752,1
617,1963,1
617,301,1
617,1904,1
617,804,1
617,172,1
617,365,1
617,1238,1
618,2400,1
618,2770,1
618,2697,1
618,889,1
618,1987,1
618,387,1
620,467,1
620,97,1
620,2125,1
620,2968,1
620,282,1
620,2827,1
620,2090,1
620,2660,1
621,2196,1
621,183,1
621,900,1
621,410,1
621,2653,1
621,185,1
621,1698,1
622,800,1
622,1645,1
622,204,1
622,1970,1
622,2242,1
623,2504,1
623,345,1
623,1128,1
623,2974,1
623,1414,1
623,1854,1
624,17,1
624,334,1
624,965,1
624,1667,1
624,2557,1
624,202,1
624,2533,1
624,2333,1
624,1862,1
624,188,1
625,14,1
625,2660,1
625,2086,1
625,2304,1
625,2370,1
625,1366,1
625,2491,1
625,1979,1
625,387,1
625,918,1
625,2598,1
625,1806,1
627,2392,1
627,2787,1
627,467,1
627,1014,1
627,748,1
627,1184,1
627,113,1
627,1366,1
628,2597,1
628,1148,1
628,481,1
629,562,1
629,2534,1
629,2157,1
630,2880,1
630,998,1
631,215,1
631,13,1
631,6,1
631,1530,1
632,1294,1
632,522,1
632,2180,1
632,1539,1
632,1035,1
632,1238,1
632,82,1
632,2359,1
632,1825,1
632,1562,1
632,2504,1
632,149,1
632,15,1
632,618,1
632,1119,1
632,75,1
632,967,1
632,2569,1
632,2607,1
632,144,1
633,2883,1
633,1522,1
633,1715,1
634,1378,1
634,419,1
634,2814,1
634,1860,1
634,2933,1
634,2876,1
634,172,1
634,1755,1
634,2322,1
634,1840,1
634,1751,1
634,1175,1
634,2573,1
634,1685,1
634,2209,1
634,149,1
634,1479,1
634,389,1
634,2796,1
635,1224,1
635,2204,1
635,1797,1
635,944,1
635,489,1
635,1323,1
635,624,1
635,2089,1
636,612,1
636,1121,1
636,2880,1
636,2573,1
636,1614,1
637,518,1
637,1031,1
637,1270,1
637,2414,1
637,1295,1
638,2976,1
638,1539,1
638,428,1
638,192,1
638,2669,1
638,2063,1
639,2178,1
639,344,1
639,2277,1
640,2218,1
640,1187,1
640,1782,1
640,896,1
640,2597,1
640,456,1
640,710,1
640,2660,1
640,2193,1
640,1989,1
640,652,1
641,507,1
641,2730,1
641,2492,1
641,353,1
641,546,1
641,2465,1
642,2976,1
642,791,1
642,1764,1
642,1960,1
642,35,1
642,2573,1
642,967,1
642,2388,1
643,1755,1
643,1562,1
643,2031,1
643,502,1
643,1238,1
644,2134,1
644,1191,1
644,468,1
644,1395,1
644,87,1
644,2655,1
644,357,1
644,72,1
644,2743,1
644,1468,1
644,360,1
644,481,1
644,1094,1
644,2474,1
644,977,1
644,185,1
644,2923,1
644,1188,1
644,1407,1
644,2935,1
644,1011,1
644,629,1
644,2876,1
645,2582,1
645,583,1
645,122,1
646,799,1
646,2789,1
646,1150,1
646,1031,1
646,431,1
646,58,1
647,2597,1
647,956,1
647,2230,1
647,2361,1
647,1316,1
647,2762,1
647,282,1
647,456,1
647,2811,1
647,1952,1
647,369,1
648,2839,1
648,2670,1
648,1378,1
648,169,1
648,496,1
648,1201,1
648,2307,1
648,431,1
648,2167,1
648,580,1
648,2709,1
649,221,1
649,651,1
649,351,1
649,1419,1
650,649,1
650,1173,1
650,2955,1
650,1960,1
650,2180,1
650,2962,1
650,31,1
651,1706,1
651,1459,1
651,2076,1
651,1581,1
651,782,1
651,1487,1
651,1663,1
651,1518,1
651,1544,1
651,1392,1
654,1645,1
654,1134,1
654,2582,1
654,921,1
656,2065,1
656,1562,1
656,666,1
656,1404,1
657,955,1
657,2688,1
657,520,1
657,1119,1
657,467,1
657,1908,1
657,1904,1
657,580,1
657,2322,1
657,293,1
657,1604,1
657,2918,1
657,2592,1
657,1698,1
657,598,1
657,1838,1
657,978,1
657,223,1
657,289,1
657,1374,1
659,467,1
659,619,1
659,1031,1
661,907,1
661,122,1
661,2588,1
661,1370,1
661,2368,1
661,1887,1
661,2322,1
661,3,1
661,670,1
661,2250,1
661,943,1
661,1569,1
661,2700,1
661,2382,1
661,1088,1
661,363,1
661,2646,1
661,1462,1
661,1084,1
663,141,1
663,1247,1
663,1119,1
663,1727,1
663,1365,1
663,905,1
663,2724,1
663,715,1
663,2660,1
663,456,1
663,2051,1
663,978,1
663,1249,1
663,383,1
663,2955,1
663,1651,1
663,662,1
663,1825,1
663,1096,1
663,1257,1
664,239,1
664,511,1
664,562,1
664,1476,1
664,1782,1
664,1945,1
664,2717,1
664,2641,1
664,1565,1
664,2976,1
664,2462,1
664,531,1
664,2350,1
664,1960,1
664,631,1
664,1628,1
664,122,1
664,2449,1
666,2304,1
666,221,1
666,1952,1
666,2537,1
667,443,1
667,2957,1
667,967,1
667,2812,1
667,1378,1
667,2709,1
669,1046,1
669,1553,1
671,1224,1
671,260,1
672,2194,1
672,1658,1
672,1029,1
672,2740,1
672,1872,1
672,2534,1
672,1275,1
672,2871,1
672,670,1
672,580,1
672,1191,1
672,776,1
672,2191,1
672,1546,1
672,882,1
672,1203,1
672,188,1
672,2839,1
672,2058,1
672,943,1
672,516,1
672,876,1
672,2339,1
674,19,1
674,2463,1
674,1211,1
676,1960,1
676,979,1
676,2051,1
677,1872,1
677,1601,1
677,346,1
677,19,1
677,1892,1
677,1854,1
677,1093,1
678,1432,1
678,2243,1
678,393,1
678,167,1
678,112,1
678,2855,1
678,1025,1
678,2068,1
678,1891,1
678,1999,1
678,583,1
678,1542,1
678,1096,1
678,153,1
678,2536,1
678,1582,1
678,544,1
678,685,1
678,790,1
678,17,1
678,275,1
678,2143,1
678,336,1
678,2291,1
678,2497,1
678,546,1
678,506,1
678,985,1
678,554,1
678,2480,1
678,967,1
678,2741,1
678,2361,1
678,3,1
678,2796,1
678,931,1
678,580,1
678,2904,1
678,2348,1
679,597,1
679,467,1
679,976,1
679,375,1
679,1989,1
679,1497,1
679,2660,1
680,2424,1
680,1637,1
680,546,1
680,2008,1
680,2450,1
680,1989,1
680,2832,1
680,1357,1
680,1366,1
680,1025,1
680,2281,1
680,2520,1
680,2181,1
680,1915,1
680,794,1
680,1360,1
680,2332,1
680,1317,1
681,344,1
681,933,1
681,2790,1
681,770,1
681,88,1
681,600,1
681,501,1
681,2510,1
681,1496,1
681,2830,1
681,2639,1
682,503,1
682,2781,1
682,1855,1
682,2913,1
682,2534,1
682,801,1
683,662,1
683,292,1
683,911,1
684,2154,1
684,2570,1
684,1665,1
684,878,1
684,537,1
684,1485,1
684,1278,1
684,1376,1
684,1099,1
684,2805,1
684,245,1
684,1081,1
684,1021,1
684,1408,1
684,1317,1
685,2242,1
685,2178,1
685,1472,1
685,1855,1
686,2321,1
686,801,1
687,1961,1
687,1670,1
690,1030,1
690,1878,1
690,877,1
690,641,1
690,596,1
691,2641,1
691,1562,1
691,1781,1
691,792,1
691,2162,1
692,1783,1
692,1539,1
692,884,1
692,1924,1
693,1034,1
693,2685,1
693,613,1
693,1715,1
693,765,1
693,1437,1
693,2051,1
693,624,1
693,1403,1
693,357,1
693,2649,1
693,1612,1
693,15,1
693,2444,1
694,1781,1
694,857,1
694,1257,1
694,2031,1
694,2076,1
695,1433,1
695,1238,1
695,2051,1
695,383,1
695,630,1
695,2288,1
695,156,1
695,1882,1
695,929,1
695,263,1
695,2293,1
695,223,1
695,884,1
696,1204,1
696,1144,1
696,2530,1
697,2776,1
697,2597,1
698,1585,1
698,214,1
698,1603,1
698,1984,1
698,1750,1
698,2673,1
698,1426,1
698,1249,1
698,1700,1
698,2093,1
698,1452,1
698,2669,1
698,1972,1
698,1258,1
698,1027,1
698,2404,1
698,280,1
698,77,1
698,641,1
698,149,1
698,409,1
698,726,1
698,2480,1
698,2450,1
698,1643,1
698,1305,1
698,991,1
698,2603,1
698,741,1
698,2740,1
698,2497,1
698,66,1
698,181,1
698,955,1
698,1979,1
698,2784,1
698,983,1
698,722,1
698,1199,1
698,134,1
698,2143,1
698,1239,1
698,208,1
698,1511,1
698,938,1
698,1344,1
698,1936,1
698,190,1
698,2943,1
698,2917,1
698,2905,1
698,1601,1
698,1058,1
698,1908,1
698,1862,1
698,1031,1
698,1786,1
698,323,1
698,310,1
698,267,1
698,1507,1
698,1851,1
698,2402,1
698,400,1
699,1196,1
699,1539,1
699,1583,1
699,348,1
699,2968,1
699,1031,1
699,1861,1
699,2491,1
699,1139,1
700,506,1
700,2204,1
701,1157,1
701,1016,1
701,2031,1
701,2667,1
701,2307,1
701,1224,1
701,2528,1
701,2170,1
701,280,1
703,275,1
703,651,1
703,2836,1
703,1063,1
703,1262,1
703,758,1
703,2046,1
703,1663,1
703,1863,1
703,2804,1
703,2096,1
703,214,1
703,1635,1
703,2458,1
703,192,1
703,19,1
703,2709,1
703,1147,1
703,1960,1
703,875,1
703,2347,1
703,613,1
703,1015,1
703,2460,1
703,115,1
703,2762,1
703,226,1
703,561,1
703,2566,1
703,209,1
703,624,1
703,764,1
703,774,1
703,31,1
703,2661,1
705,2845,1
705,221,1
705,2853,1
705,1378,1
705,2966,1
705,659,1
707,223,1
707,2150,1
707,1583,1
707,1046,1
707,443,1
708,2512,1
708,1539,1
708,2460,1
708,1366,1
708,402,1
708,135,1
708,1147,1
709,2670,1
709,2968,1
709,1536,1
709,1548,1
709,2955,1
709,1230,1
709,2781,1
709,1941,1
711,69,1
711,1143,1
711,1529,1
711,2671,1
711,467,1
711,2841,1
711,1922,1
711,1594,1
711,1892,1
711,197,1
712,618,1
712,1960,1
712,2209,1
712,726,1
712,365,1
712,1147,1
713,2488,1
713,1305,1
713,419,1
713,840,1
713,1755,1
714,929,1
714,1212,1
714,562,1
714,1716,1
714,340,1
714,518,1
714,1309,1
714,2934,1
714,908,1
714,2884,1
714,1317,1
714,280,1
714,2536,1
714,541,1
714,781,1
714,1485,1
714,122,1
714,1374,1
714,2254,1
714,2709,1
716,2563,1
716,467,1
716,1425,1
717,1425,1
717,791,1
717,2512,1
717,383,1
718,2733,1
718,292,1
718,1388,1
718,382,1
718,1095,1
718,412,1
718,1228,1
718,1854,1
718,2906,1
718,2684,1
718,202,1
718,1769,1
718,808,1
718,722,1
719,2346,1
719,1757,1
719,2561,1
719,1088,1
719,105,1
719,2108,1
719,2803,1
719,1631,1
719,1016,1
719,226,1
719,2366,1
719,658,1
719,2902,1
719,1403,1
719,431,1
719,339,1
719,758,1
719,1890,1
719,2142,1
719,1947,1
719,1119,1
719,409,1
719,801,1
719,2714,1
719,504,1
719,1,1
719,678,1
719,2635,1
719,2035,1
719,1167,1
719,1106,1
719,1755,1
719,2371,1
719,907,1
719,2112,1
719,2154,1
719,682,1
720,2577,1
720,520,1
721,2934,1
721,1716,1
721,1929,1
721,2396,1
721,2348,1
721,2118,1
722,791,1
722,2697,1
722,2392,1
722,1258,1
723,1867,1
723,1366,1
724,1630,1
724,2976,1
725,624,1
725,2767,1
725,307,1
725,481,1
725,765,1
725,2009,1
725,430,1
725,1557,1
725,2907,1
725,2784,1
725,1049,1
725,1021,1
725,114,1
725,1273,1
725,484,1
725,2360,1
725,2592,1
725,15,1
725,1984,1
725,408,1
725,203,1
725,2450,1
725,1124,1
725,1795,1
725,200,1
725,2157,1
725,1279,1
726,1691,1
726,886,1
726,1100,1
726,2745,1
726,783,1
726,215,1
726,2336,1
726,2155,1
726,2818,1
726,2659,1
726,2249,1
726,560,1
726,1128,1
726,829,1
727,2268,1
727,990,1
727,968,1
727,302,1
727,2348,1
727,1656,1
727,1672,1
727,2968,1
727,947,1
727,1551,1
727,1861,1
727,1368,1
727,1996,1
727,829,1
727,1591,1
727,2474,1
727,437,1
727,1273,1
727,1583,1
727,111,1
727,2497,1
727,2491,1
727,2363,1
727,1138,1
727,2934,1
727,1618,1
727,2730,1
727,2576,1
727,2818,1
727,553,1
727,2463,1
728,1539,1
728,208,1
729,1045,1
729,932,1
730,1663,1
730,2964,1
730,197,1
730,1363,1
730,2104,1
730,2584,1
730,892,1
731,580,1
731,1952,1
731,1224,1
732,2932,1
732,2555,1
732,1692,1
734,1614,1
734,2475,1
735,1855,1
735,2036,1
736,2585,1
736,1205,1
736,188,1
736,1614,1
736,92,1
736,2062,1
737,437,1
737,1663,1
737,2295,1
737,436,1
737,1631,1
737,2660,1
737,1188,1
738,1179,1
738,1301,1
738,1615,1
739,746,1
739,745,1
741,1252,1
741,2080,1
741,2020,1
741,2826,1
741,1824,1
741,648,1
741,1546,1
743,1861,1
743,2024,1
743,2167,1
743,1139,1
743,175,1
743,1486,1
743,354,1
743,2968,1
743,467,1
743,288,1
743,1671,1
744,968,1
744,35,1
744,1220,1
744,495,1
744,468,1
744,1374,1
744,707,1
744,1189,1
744,2253,1
744,561,1
744,1730,1
744,1544,1
744,2880,1
744,2096,1
744,345,1
744,2252,1
744,626,1
744,2071,1
744,2028,1
744,423,1
744,1432,1
744,504,1
744,316,1
744,873,1
744,835,1
744,2876,1
744,2855,1
744,234,1
744,1170,1
744,2179,1
745,188,1
745,82,1
745,365,1
745,1562,1
745,726,1
745,1516,1
745,1372,1
745,730,1
745,319,1
745,345,1
745,2035,1
745,301,1
745,1119,1
745,383,1
745,618,1
745,2243,1
745,275,1
745,231,1
745,2444,1
745,1694,1
745,468,1
746,344,1
746,2474,1
746,659,1
746,51,1
746,2536,1
747,2670,1
747,1425,1
747,728,1
748,2137,1
748,412,1
748,795,1
749,2675,1
749,2373,1
749,1497,1
749,2762,1
749,1237,1
749,149,1
749,364,1
749,2052,1
749,1785,1
749,2660,1
749,104,1
749,726,1
749,857,1
749,1219,1
749,2855,1
749,830,1
749,1948,1
749,2333,1
749,1443,1
749,2933,1
749,914,1
749,188,1
749,2275,1
749,271,1
749,1278,1
749,15,1
749,383,1
750,1436,1
750,447,1
750,2031,1
750,497,1
750,2212,1
750,2470,1
752,2934,1
752,167,1
752,508,1
752,1762,1
752,1432,1
752,1998,1
752,1615,1
752,1004,1
752,2838,1
752,484,1
752,2456,1
752,1698,1
752,2548,1
752,1187,1
752,1059,1
752,2762,1
752,882,1
752,491,1
752,2473,1
752,301,1
752,1372,1
752,1062,1
752,790,1
752,2504,1
752,1010,1
752,1561,1
752,365,1
752,235,1
752,624,1
752,2062,1
752,2438,1
752,481,1
753,1752,1
753,1960,1
753,1562,1
753,1425,1
754,369,1
754,1249,1
754,804,1
756,2730,1
756,1559,1
757,1795,1
757,2645,1
757,319,1
757,840,1
757,2743,1
757,1755,1
757,804,1
757,690,1
757,1393,1
757,1904,1
757,2047,1
757,1148,1
757,1262,1
758,1960,1
758,456,1
758,141,1
758,978,1
759,1904,1
759,1031,1
759,1382,1
760,1837,1
760,1872,1
760,2602,1
760,1185,1
760,1580,1
760,881,1
760,2903,1
760,1932,1
761,580,1
761,624,1
761,1554,1
761,1294,1
761,1404,1
761,978,1
761,447,1
761,1810,1
761,2825,1
761,1840,1
762,503,1
762,57,1
762,278,1
762,913,1
762,2348,1
762,777,1
762,2673,1
762,608,1
762,1791,1
762,698,1
763,2968,1
763,365,1
763,133,1
764,651,1
764,1184,1
764,153,1
764,335,1
765,854,1
765,1941,1
765,618,1
765,938,1
765,944,1
765,496,1
765,2796,1
765,1904,1
765,2065,1
765,1922,1
766,1413,1
766,1797,1
766,967,1
766,754,1
766,443,1
766,1731,1
767,943,1
767,1379,1
767,1080,1
767,712,1
768,282,1
768,670,1
769,1272,1
769,96,1
769,1870,1
769,87,1
769,2333,1
769,2660,1
769,68,1
769,2420,1
769,56,1
769,2036,1
769,1011,1
770,551,1
770,1425,1
770,977,1
770,122,1
772,2273,1
772,561,1
772,1058,1
772,1659,1
772,2011,1
772,1691,1
772,1503,1
772,2466,1
772,2818,1
772,2614,1
772,1979,1
772,1583,1
772,1188,1
772,1014,1
772,2155,1
772,2058,1
773,854,1
773,2653,1
773,416,1
773,2576,1
773,1755,1
773,1433,1
776,1004,1
776,1230,1
776,1193,1
778,1598,1
778,2554,1
778,467,1
778,2781,1
778,2976,1
779,1462,1
779,130,1
780,1119,1
780,339,1
780,2673,1
780,247,1
780,678,1
781,1307,1
781,1366,1
781,2968,1
781,2964,1
781,2314,1
781,2044,1
782,1784,1
782,2581,1
782,2781,1
782,1433,1
782,2529,1
783,1455,1
783,1761,1
783,1488,1
783,1882,1
783,2906,1
783,2497,1
783,1193,1
784,488,1
784,2162,1
784,2035,1
784,110,1
785,2871,1
785,2581,1
786,2392,1
786,72,1
786,1486,1
786,943,1
786,901,1
787,958,1
787,1007,1
787,456,1
787,1736,1
788,2086,1
788,1073,1
789,455,1
789,169,1
789,884,1
789,583,1
790,1838,1
790,2256,1
790,694,1
790,2638,1
790,1940,1
790,1660,1
790,271,1
791,467,1
791,2356,1
791,967,1
792,1536,1
792,249,1
792,2827,1
793,144,1
793,2435,1
793,1960,1
794,1378,1
794,508,1
794,2955,1
794,1825,1
794,1405,1
795,1357,1
795,410,1
796,467,1
796,504,1
797,2651,1
797,1425,1
797,2697,1
797,2094,1
797,523,1
797,2396,1
797,443,1
797,468,1
797,2876,1
797,1654,1
797,1585,1
797,1201,1
797,610,1
797,506,1
797,1615,1
797,393,1
797,889,1
797,911,1
797,1686,1
797,58,1
797,2547,1
797,1608,1
798,1433,1
798,650,1
798,467,1
798,1412,1
798,1783,1
798,1875,1
799,823,1
799,2686,1
799,481,1
799,2162,1
799,1929,1
799,2286,1
799,2512,1
799,177,1
799,1455,1
799,209,1
799,260,1
799,1868,1
799,383,1
799,840,1
799,2348,1
799,1825,1
799,2555,1
799,208,1
799,1414,1
799,2645,1
799,468,1
799,271,1
799,1940,1
799,2709,1
799,1016,1
801,801,1
801,2338,1
801,520,1
801,1291,1
802,2781,1
802,471,1
802,1710,1
802,2458,1
802,589,1
802,2880,1
803,2796,1
803,1562,1
803,83,1
803,2293,1
803,345,1
803,857,1
803,82,1
803,2322,1
803,149,1
803,1748,1
804,2248,1
804,346,1
804,1346,1
804,1222,1
804,1272,1
804,1330,1
804,1219,1
804,1159,1
805,2240,1
805,1967,1
805,85,1
805,615,1
805,1698,1
806,1301,1
806,2388,1
806,502,1
806,447,1
807,2883,1
807,2314,1
807,2826,1
807,994,1
807,2654,1
808,2955,1
808,2036,1
808,1358,1
808,31,1
810,394,1
810,345,1
810,1443,1
811,635,1
811,1423,1
811,1238,1
811,2563,1
811,644,1
812,221,1
812,1614,1
812,271,1
812,1389,1
812,2781,1
812,967,1
812,562,1
812,615,1
812,612,1
812,506,1
813,2889,1
813,1700,1
813,459,1
813,1227,1
813,2932,1
814,2277,1
814,2660,1
814,1425,1
815,7,1
815,653,1
815,2020,1
815,2211,1
815,1433,1
815,1630,1
815,2842,1
815,274,1
815,1784,1
816,2600,1
816,2555,1
816,1147,1
818,1228,1
818,1405,1
818,2388,1
819,554,1
819,281,1
819,1939,1
819,2359,1
819,2562,1
820,2327,1
820,799,1
820,1224,1
821,2781,1
821,301,1
821,2669,1
821,13,1
822,967,1
822,389,1
822,122,1
822,562,1
823,2562,1
823,3,1
823,2651,1
824,1682,1
824,2573,1
824,2547,1
824,795,1
824,2764,1
824,1906,1
824,402,1
824,2563,1
824,580,1
825,2733,1
825,122,1
826,1686,1
826,1829,1
826,2487,1
826,1887,1
826,2370,1
826,1631,1
826,1089,1
826,2576,1
826,669,1
827,68,1
827,1638,1
827,133,1
827,2609,1
827,2624,1
827,2025,1
827,1357,1
827,2659,1
827,1663,1
827,2968,1
827,1630,1
827,2563,1
827,2011,1
827,2168,1
827,2812,1
828,2051,1
828,540,1
828,1783,1
829,562,1
829,2919,1
829,307,1
829,857,1
829,1989,1
829,1141,1
829,2019,1
829,2094,1
829,219,1
829,1646,1
829,2836,1
829,1378,1
829,1395,1
830,296,1
830,365,1
830,2290,1
830,1016,1
830,733,1
830,292,1
830,1221,1
830,1014,1
830,2841,1
830,15,1
830,281,1
830,2041,1
830,1224,1
830,1416,1
830,758,1
830,1947,1
830,1249,1
830,2876,1
830,1688,1
830,1226,1
830,491,1
830,714,1
830,737,1
830,759,1
830,618,1
830,1755,1
831,2702,1
831,2928,1
832,186,1
832,2531,1
832,2287,1
832,1465,1
832,1355,1
832,874,1
832,1849,1
832,2435,1
832,1388,1
832,2567,1
832,325,1
832,850,1
832,328,1
832,2849,1
832,2860,1
832,1821,1
832,97,1
832,1366,1
832,528,1
832,1954,1
832,68,1
832,2299,1
832,2002,1
832,627,1
832,819,1
832,2875,1
833,2955,1
833,2939,1
833,863,1
833,2299,1
833,321,1
833,2502,1
833,382,1
833,1191,1
833,1663,1
833,2211,1
834,1906,1
834,1945,1
835,2154,1
835,618,1
835,2101,1
835,810,1
835,595,1
835,2855,1
835,2375,1
835,736,1
835,8,1
836,93,1
836,2730,1
837,322,1
837,661,1
837,804,1
837,600,1
837,1379,1
837,2193,1
837,1597,1
837,1617,1
837,1249,1
838,469,1
838,2154,1
838,486,1
838,1796,1
838,1979,1
838,1367,1
839,930,1
839,619,1
839,782,1
839,1801,1
839,2576,1
840,1699,1
840,2962,1
840,157,1
840,2495,1
840,865,1
840,502,1
840,2713,1
840,1967,1
841,2950,1
841,263,1
841,431,1
841,311,1
841,2627,1
841,2062,1
845,1193,1
845,2974,1
845,859,1
846,2816,1
846,365,1
846,2118,1
846,2651,1
846,662,1
846,522,1
846,1652,1
846,2162,1
847,2950,1
847,1781,1
847,6,1
847,717,1
847,2933,1
848,2388,1
848,967,1
849,1614,1
849,115,1
849,583,1
850,2575,1
850,2268,1
850,2322,1
850,1254,1
850,2091,1
850,1872,1
850,1228,1
850,1425,1
850,2509,1
852,289,1
852,966,1
852,2812,1
852,982,1
852,1294,1
852,804,1
852,1119,1
852,1204,1
852,1096,1
852,2178,1
852,1460,1
853,1021,1
853,166,1
853,1124,1
853,112,1
853,2615,1
853,2518,1
853,846,1
853,2003,1
853,1812,1
853,1806,1
853,2036,1
853,2855,1
853,1961,1
853,882,1
853,2041,1
853,1125,1
854,2582,1
854,945,1
854,2880,1
854,2669,1
854,882,1
854,35,1
854,2781,1
854,1710,1
854,990,1
854,967,1
854,2392,1
855,2470,1
855,1671,1
855,1904,1
855,275,1
855,2683,1
855,496,1
855,1679,1
855,815,1
855,2140,1
856,1792,1
856,2840,1
856,456,1
857,2031,1
857,383,1
857,832,1
857,9,1
858,2515,1
858,276,1
858,467,1
858,1058,1
858,211,1
858,928,1
858,2889,1
860,1294,1
860,1425,1
861,1193,1
861,345,1
861,1783,1
861,575,1
861,2968,1
861,249,1
861,618,1
862,914,1
862,1477,1
864,806,1
864,886,1
864,715,1
864,1839,1
864,2460,1
864,1476,1
864,840,1
865,402,1
865,423,1
865,1952,1
866,2871,1
866,443,1
866,2562,1
866,1899,1
866,2528,1
866,944,1
867,2360,1
867,502,1
867,2686,1
867,2047,1
867,1736,1
867,2179,1
867,1343,1
867,1783,1
867,954,1
867,1904,1
867,149,1
867,1964,1
869,2728,1
869,1872,1
869,881,1
872,606,1
872,2428,1
872,2448,1
872,1872,1
872,2798,1
872,1977,1
872,275,1
872,1099,1
873,410,1
873,2333,1
873,618,1
873,580,1
873,1769,1
873,1946,1
875,1482,1
875,1031,1
875,1641,1
875,2378,1
875,604,1
876,1663,1
876,1486,1
876,1281,1
876,2616,1
877,2252,1
877,1287,1
877,1640,1
877,2269,1
877,2230,1
877,2340,1
877,2491,1
877,813,1
877,884,1
877,1698,1
877,1695,1
877,1546,1
877,563,1
877,2666,1
877,1294,1
877,2108,1
877,1045,1
877,419,1
877,1848,1
877,2317,1
877,2624,1
878,2030,1
878,712,1
878,234,1
878,1755,1
879,2154,1
879,669,1
879,2202,1
880,1562,1
881,2968,1
881,1113,1
881,1675,1
881,2495,1
881,863,1
881,2709,1
881,2248,1
881,68,1
882,431,1
882,2577,1
882,23,1
883,1986,1
883,876,1
883,1366,1
884,307,1
884,2660,1
884,2870,1
884,2939,1
884,886,1
884,1872,1
888,2781,1
888,967,1
888,289,1
888,1205,1
890,366,1
890,2006,1
890,2858,1
890,1904,1
890,1322,1
890,1892,1
890,1197,1
890,1835,1
890,2719,1
890,1099,1
890,1373,1
890,166,1
890,2958,1
890,155,1
890,686,1
890,345,1
890,82,1
890,2855,1
890,1488,1
890,2639,1
890,1700,1
890,1754,1
890,2211,1
890,1630,1
890,1743,1
891,541,1
891,1257,1
893,672,1
893,2608,1
893,1854,1
893,1786,1
895,2781,1
895,1045,1
896,818,1
896,1683,1
896,2230,1
897,135,1
898,2064,1
898,1904,1
898,456,1
898,2657,1
898,319,1
898,223,1
898,1636,1
898,2831,1
898,1249,1
898,173,1
898,1755,1
898,56,1
898,2388,1
898,1193,1
898,1652,1
898,1415,1
898,69,1
898,2660,1
899,440,1
899,2548,1
899,596,1
899,1224,1
900,1961,1
900,1873,1
900,2388,1
900,1402,1
900,1584,1
900,2847,1
900,2080,1
900,1412,1
900,1397,1
900,1200,1
900,1525,1
900,2027,1
900,1023,1
900,2017,1
900,697,1
901,2533,1
901,1247,1
901,1754,1
901,1901,1
901,2256,1
901,2603,1
901,1447,1
901,504,1
901,2345,1
901,2608,1
901,2175,1
901,2392,1
901,714,1
902,1310,1
902,2146,1
902,2073,1
902,1886,1
902,1486,1
902,1948,1
902,2814,1
902,967,1
902,580,1
902,1755,1
902,29,1
902,2660,1
902,2781,1
902,2672,1
903,1096,1
903,1159,1
903,256,1
904,1867,1
904,2851,1
905,2728,1
905,1684,1
906,783,1
906,1988,1
906,322,1
906,1020,1
906,910,1
906,757,1
906,906,1
906,1799,1
906,877,1
907,1181,1
907,1433,1
907,2178,1
910,431,1
910,911,1
910,1445,1
910,1792,1
910,798,1
910,1243,1
910,2159,1
910,882,1
910,2607,1
910,2119,1
910,82,1
910,1996,1
910,2459,1
910,626,1
910,921,1
910,1148,1
910,2642,1
910,2970,1
910,258,1
910,1224,1
910,1614,1
910,2436,1
910,804,1
910,58,1
910,938,1
910,764,1
910,1678,1
910,1972,1
910,728,1
910,1406,1
910,448,1
910,2811,1
910,1179,1
910,611,1
910,790,1
910,1392,1
910,583,1
910,1880,1
910,301,1
911,1308,1
911,1700,1
912,523,1
912,2724,1
912,377,1
912,2299,1
912,2651,1
912,404,1
912,1904,1
912,1102,1
912,419,1
912,2347,1
912,2709,1
913,726,1
913,271,1
913,832,1
913,1502,1
913,2894,1
913,2647,1
913,1087,1
913,1671,1
913,2661,1
913,997,1
913,605,1
913,1948,1
913,2504,1
915,2529,1
915,2429,1
915,2510,1
915,481,1
915,382,1
915,804,1
915,1904,1
915,529,1
915,1228,1
915,2002,1
915,580,1
916,1785,1
916,1463,1
916,1179,1
916,857,1
916,1634,1
916,1046,1
916,1131,1
917,2640,1
917,2903,1
918,967,1
918,1016,1
918,965,1
918,2733,1
918,1035,1
918,1785,1
918,215,1
918,1698,1
918,730,1
918,1224,1
918,1046,1
918,911,1
918,2403,1
918,2235,1
918,914,1
919,1487,1
919,1481,1
919,2876,1
920,2179,1
920,582,1
920,2239,1
921,336,1
921,1929,1
921,1197,1
921,1904,1
922,1755,1
922,1567,1
922,282,1
922,2874,1
922,2950,1
923,1358,1
923,1021,1
923,1697,1
923,1872,1
923,1957,1
923,2327,1
924,562,1
924,2781,1
924,2223,1
924,188,1
924,882,1
924,2582,1
924,1025,1
924,2299,1
924,2032,1
924,1983,1
926,2211,1
926,639,1
926,1784,1
928,456,1
928,2388,1
930,289,1
930,122,1
930,1472,1
931,1416,1
931,80,1
931,651,1
931,543,1
931,1208,1
931,75,1
931,1392,1
931,2607,1
931,226,1
931,1487,1
932,1425,1
932,2392,1
932,738,1
932,2020,1
932,918,1
932,589,1
932,43,1
932,774,1
932,502,1
932,1224,1
933,221,1
933,1852,1
933,2825,1
934,1581,1
934,1301,1
935,491,1
935,1526,1
935,234,1
936,234,1
936,801,1
936,1869,1
936,2883,1
936,1009,1
937,2198,1
937,2217,1
937,1675,1
939,1710,1
939,1472,1
939,2178,1
939,510,1
939,503,1
940,1447,1
940,1920,1
940,1502,1
941,1147,1
941,1755,1
941,2672,1
941,1404,1
941,1603,1
941,2573,1
941,149,1
941,2253,1
941,2361,1
941,1634,1
941,1960,1
941,271,1
941,497,1
941,2906,1
942,1671,1
942,520,1
942,823,1
942,2651,1
942,2730,1
942,1916,1
942,1335,1
942,2976,1
943,2861,1
943,2865,1
943,1618,1
943,1832,1
943,82,1
943,1159,1
943,2521,1
943,479,1
943,275,1
943,68,1
943,1435,1
943,1979,1
943,1025,1
943,2709,1
943,2928,1
943,2576,1
943,1191,1
944,238,1
944,1906,1
944,2036,1
944,1861,1
945,1677,1
945,1301,1
945,2943,1
946,1379,1
946,551,1
946,1663,1
946,1562,1
946,1205,1
946,823,1
946,2529,1
946,566,1
946,307,1
946,1964,1
946,495,1
946,930,1
946,1303,1
946,2142,1
946,2435,1
946,1970,1
946,2590,1
946,383,1
946,293,1
946,481,1
946,630,1
946,2450,1
946,1224,1
946,820,1
946,1694,1
946,1297,1
946,2469,1
947,2660,1
947,2256,1
948,859,1
948,2469,1
948,2553,1
948,732,1
949,220,1
949,2086,1
949,2681,1
951,456,1
951,2855,1
953,2818,1
953,467,1
953,2240,1
953,2963,1
953,1297,1
954,456,1
954,2307,1
954,1244,1
954,2509,1
954,1253,1
954,15,1
954,2752,1
954,1478,1
954,959,1
954,2388,1
954,820,1
955,651,1
955,2700,1
955,1974,1
955,219,1
955,739,1
955,2268,1
957,288,1
957,2365,1
958,1700,1
958,1241,1
958,2090,1
958,149,1
958,481,1
958,630,1
959,257,1
959,1764,1
960,1861,1
960,169,1
960,2968,1
961,2011,1
961,53,1
961,1591,1
961,1918,1
961,560,1
961,1128,1
961,740,1
961,2160,1
961,1346,1
962,502,1
962,2641,1
963,2183,1
963,2638,1
963,1855,1
963,967,1
963,2839,1
963,997,1
963,2603,1
964,653,1
964,166,1
964,1412,1
964,1597,1
964,2871,1
964,2062,1
964,174,1
964,1875,1
964,2211,1
964,771,1
964,2012,1
964,2031,1
964,1803,1
965,506,1
965,791,1
965,199,1
965,87,1
965,2787,1
965,551,1
966,213,1
966,2111,1
967,177,1
967,292,1
967,2312,1
967,1497,1
967,2547,1
967,2607,1
967,1220,1
967,1860,1
967,1874,1
967,275,1
967,644,1
967,412,1
967,2555,1
967,82,1
967,2293,1
967,481,1
968,2162,1
968,1228,1
968,1755,1
968,715,1
969,2027,1
969,395,1
969,1677,1
969,311,1
969,2148,1
969,2496,1
969,1904,1
969,1023,1
969,130,1
969,1270,1
969,1405,1
969,650,1
970,1035,1
970,2497,1
970,2966,1
970,1403,1
970,2062,1
970,1218,1
973,1368,1
973,889,1
973,1892,1
973,2248,1
975,2730,1
975,624,1
975,1752,1
975,1308,1
975,1716,1
976,1687,1
976,1550,1
976,2509,1
976,2831,1
976,2455,1
976,2268,1
976,2680,1
976,106,1
976,1031,1
976,1612,1
976,1795,1
976,1952,1
976,1021,1
978,1860,1
978,1063,1
978,958,1
978,2733,1
978,1087,1
978,1021,1
978,507,1
978,467,1
978,2004,1
978,122,1
978,1926,1
978,884,1
979,166,1
979,1767,1
982,979,1
982,968,1
982,122,1
982,1867,1
982,311,1
982,884,1
982,293,1
982,2024,1
982,967,1
982,2536,1
983,1062,1
983,1404,1
983,2853,1
983,292,1
983,1682,1
983,1825,1
983,618,1
983,644,1
984,1565,1
984,2121,1
984,406,1
984,520,1
985,792,1
985,1924,1
985,967,1
986,1781,1
986,83,1
986,508,1
986,911,1
987,1762,1
987,2657,1
987,2396,1
987,965,1
987,2841,1
987,2465,1
987,1755,1
987,587,1
988,1777,1
988,1614,1
988,1212,1
988,2688,1
988,1021,1
988,1455,1
988,2860,1
988,2437,1
988,2552,1
988,1796,1
988,921,1
988,520,1
988,2156,1
988,1583,1
988,1823,1
988,2871,1
988,2591,1
988,2562,1
989,1614,1
989,1641,1
989,966,1
989,1872,1
989,1846,1
989,2880,1
989,2576,1
989,1335,1
989,2865,1
989,872,1
989,2361,1
989,410,1
989,2797,1
989,1929,1
989,2183,1
989,1366,1
989,2492,1
989,2582,1
989,823,1
989,343,1
989,2917,1
989,2827,1
989,2024,1
989,996,1
989,2168,1
989,1080,1
989,736,1
989,17,1
989,1554,1
989,1697,1
989,149,1
989,462,1
990,2376,1
990,2214,1
990,698,1
990,281,1
990,1463,1
991,2162,1
991,1212,1
991,2932,1
991,1727,1
993,456,1
993,2505,1
993,605,1
993,1322,1
993,1852,1
993,2407,1
993,1235,1
993,2322,1
993,528,1
993,2566,1
993,1837,1
993,672,1
993,2241,1
993,2510,1
993,2047,1
993,1172,1
993,1294,1
993,2420,1
993,1701,1
993,481,1
993,583,1
993,685,1
993,167,1
993,1224,1
993,2382,1
993,56,1
993,1922,1
993,1879,1
993,2170,1
993,1612,1
993,6,1
994,1368,1
994,2183,1
994,352,1
994,1379,1
994,1425,1
994,2588,1
994,2660,1
994,1496,1
994,210,1
994,486,1
994,1433,1
994,382,1
995,1508,1
995,911,1
997,1834,1
997,2258,1
997,910,1
997,2514,1
997,1891,1
997,2025,1
997,2520,1
998,1892,1
998,2168,1
998,2089,1
999,1872,1
999,573,1
999,1941,1
999,2089,1
999,2202,1
1000,1249,1
1000,47,1
1000,75,1
1000,2170,1
1000,389,1
1000,1727,1
1000,2816,1
1000,1700,1
1000,2785,1
1000,1960,1
1000,2933,1
1000,1539,1
1000,1952,1
1001,1134,1
1001,859,1
1001,2839,1
1001,2781,1
1001,1193,1
1001,467,1
1001,1433,1
1002,454,1
1002,2277,1
1002,962,1
1002,2154,1
1002,1018,1
1002,2964,1
1003,2867,1
1003,1983,1
1003,1173,1
1003,1872,1
1003,943,1
1003,1645,1
1004,2324,1
1004,2812,1
1004,1425,1
1004,510,1
1004,2563,1
1004,1584,1
1004,2507,1
1004,334,1
1004,1797,1
1004,1630,1
1004,717,1
1004,1021,1
1004,2012,1
1006,478,1
1006,1539,1
1006,2781,1
1006,1433,1
1006,774,1
1006,2256,1
1006,2913,1
1006,967,1
1006,1205,1
1006,2272,1
1006,511,1
1006,1939,1
1007,69,1
1007,467,1
1007,307,1
1007,1896,1
1007,1073,1
1007,2947,1
1007,1436,1
1007,2288,1
1007,1303,1
1007,884,1
1007,602,1
1008,2233,1
1008,1156,1
1008,1508,1
1008,2293,1
1009,2750,1
1009,468,1
1009,2212,1
1009,2655,1
1009,884,1
1009,967,1
1011,251,1
1011,496,1
1011,149,1
1012,2880,1
1012,967,1
1012,2324,1
1013,1468,1
1013,2608,1
1013,1082,1
1013,2535,1
1013,1709,1
1014,63,1
1014,1984,1
1014,1896,1
1014,223,1
1015,2563,1
1015,2517,1
1015,1751,1
1015,2598,1
1015,467,1
1017,1243,1
1017,784,1
1017,104,1
1017,2816,1
1017,1294,1
1017,1439,1
1017,83,1
1017,369,1
1017,1785,1
1018,1786,1
1018,2314,1
1018,1368,1
1018,2094,1
1018,1999,1
1018,2576,1
1018,1288,1
1019,2277,1
1019,1777,1
1019,2149,1
1019,1539,1
1019,1186,1
1019,1669,1
1019,2283,1
1019,712,1
1020,2277,1
1020,2806,1
1020,2517,1
1020,169,1
1020,2818,1
1020,221,1
1020,2392,1
1022,2717,1
1022,1425,1
1023,1266,1
1023,1731,1
1023,271,1
1023,496,1
1023,430,1
1023,522,1
1023,2566,1
1024,47,1
1024,1755,1
1024,1694,1
1025,122,1
1025,583,1
1025,221,1
1027,967,1
1027,1536,1
1027,484,1
1028,859,1
1028,2253,1
1028,710,1
1029,1224,1
1029,1360,1
1029,1979,1
1029,2614,1
1030,2497,1
1030,491,1
1030,1652,1
1030,476,1
1030,82,1
1030,2360,1
1031,1141,1
1031,2513,1
1031,1614,1
1031,669,1
1034,1294,1
1034,2512,1
1034,292,1
1035,491,1
1035,1958,1
1035,301,1
1035,419,1
1035,1547,1
1035,965,1
1035,2955,1
1035,1404,1
1035,1148,1
1035,737,1
1035,958,1
1036,1397,1
1036,1228,1
1036,911,1
1036,1929,1
1036,840,1
1036,2428,1
1036,168,1
1036,263,1
1036,2184,1
1036,2051,1
1036,1781,1
1036,1977,1
1036,1485,1
1036,1539,1
1036,1817,1
1036,970,1
1036,1891,1
1036,274,1
1036,504,1
1036,2246,1
1036,1070,1
1036,554,1
1038,1102,1
1038,1916,1
1038,2763,1
1038,2086,1
1038,1539,1
1038,1104,1
1038,1744,1
1038,1694,1
1038,1697,1
1038,2314,1
1038,1407,1
1038,1332,1
1038,2346,1
1038,2062,1
1038,1562,1
1038,597,1
1038,2237,1
1038,1892,1
1038,431,1
1038,1,1
1038,897,1
1038,1294,1
1038,1346,1
1038,1852,1
1038,2425,1
1038,1114,1
1038,2361,1
1038,580,1
1038,491,1
1038,2517,1
1038,441,1
1038,2552,1
1038,2118,1
1038,1786,1
1038,2261,1
1038,375,1
1038,1049,1
1038,1034,1
1038,226,1
1041,2660,1
1041,1887,1
1041,1885,1
1041,923,1
1041,221,1
1041,382,1
1042,1829,1
1042,2549,1
1042,221,1
1042,1429,1
1042,2210,1
1042,2586,1
1042,51,1
1042,1252,1
1042,2469,1
1042,2102,1
1042,758,1
1042,766,1
1042,454,1
1042,379,1
1042,2730,1
1043,322,1
1043,346,1
1043,447,1
1043,1346,1
1044,777,1
1044,1228,1
1044,698,1
1046,2502,1
1046,1474,1
1046,1656,1
1046,986,1
1046,1729,1
1046,1134,1
1046,859,1
1046,551,1
1046,602,1
1046,1469,1
1046,1716,1
1046,2630,1
1046,1199,1
1046,1979,1
1046,345,1
1046,323,1
1046,624,1
1046,1972,1
1046,1687,1
1046,221,1
1046,173,1
1046,2855,1
1047,2025,1
1047,1366,1
1047,694,1
1047,1491,1
1047,1426,1
1047,323,1
1047,1294,1
1047,1767,1
1047,334,1
1047,1011,1
1048,641,1
1048,2865,1
1048,1414,1
1048,1221,1
1049,1872,1
1049,2709,1
1049,613,1
1049,2356,1
1049,1994,1
1049,1922,1
1049,694,1
1049,2256,1
1049,1021,1
1049,1293,1
1049,930,1
1050,467,1
1050,141,1
1050,2928,1
1050,1783,1
1051,248,1
1051,1189,1
1051,1652,1
1051,2955,1
1051,1425,1
1051,626,1
1051,958,1
1051,412,1
1051,82,1
1051,365,1
1051,1488,1
1051,1148,1
1052,2095,1
1052,1755,1
1052,1692,1
1052,1891,1
1052,2672,1
1053,651,1
1053,75,1
1053,1667,1
1053,2660,1
1053,104,1
1053,1497,1
1053,1294,1
1053,1967,1
1053,2725,1
1053,1405,1
1053,804,1
1054,1536,1
1054,1663,1
1054,2086,1
1054,2314,1
1054,2737,1
1055,2968,1
1055,1008,1
1056,2470,1
1056,2775,1
1056,1473,1
1056,1518,1
1056,2833,1
1056,1216,1
1057,686,1
1057,169,1
1057,2339,1
1057,2392,1
1057,503,1
1057,889,1
1057,72,1
1058,382,1
1058,2839,1
1059,1996,1
1059,2796,1
1059,956,1
1059,2361,1
1060,2620,1
1060,1491,1
1060,787,1
1060,2086,1
1060,503,1
1061,2308,1
1061,1612,1
1061,2690,1
1061,96,1
1061,2614,1
1061,2140,1
1061,2818,1
1061,484,1
1061,1744,1
1061,851,1
1061,213,1
1061,431,1
1061,2094,1
1061,2461,1
1061,1123,1
1061,1946,1
1061,1211,1
1061,2062,1
1061,2248,1
1061,251,1
1062,2534,1
1062,966,1
1063,790,1
1063,506,1
1063,1630,1
1063,605,1
1064,349,1
1064,2064,1
1064,2966,1
1064,2314,1
1064,1561,1
1067,2333,1
1067,2670,1
1067,799,1
1068,1798,1
1068,130,1
1069,113,1
1069,1224,1
1069,2437,1
1069,1872,1
1069,2833,1
1070,1205,1
1070,1759,1
1070,2874,1
1070,2563,1
1070,2598,1
1070,1301,1
1070,2686,1
1070,1786,1
1070,1635,1
1070,2521,1
1070,1922,1
1071,1486,1
1071,1332,1
1071,2781,1
1072,892,1
1072,2781,1
1072,1581,1
1073,2672,1
1073,910,1
1073,1851,1
1073,2137,1
1073,1135,1
1073,1737,1
1073,2324,1
1074,2160,1
1074,2248,1
1075,1068,1
1075,2204,1
1075,1621,1
1075,1861,1
1075,2968,1
1075,330,1
1076,2248,1
1076,2460,1
1076,2806,1
1076,990,1
1076,947,1
1076,1715,1
1076,1752,1
1076,602,1
1076,1008,1
1076,157,1
1076,2145,1
1076,1119,1
1076,2880,1
1076,757,1
1076,2669,1
1076,1405,1
1076,155,1
1076,945,1
1076,978,1
1077,2653,1
1077,2504,1
1077,1863,1
1078,2966,1
1078,378,1
1078,2473,1
1078,1049,1
1078,1010,1
1078,2939,1
1078,589,1
1078,2458,1
1078,2209,1
1078,82,1
1079,2839,1
1079,2654,1
1080,2324,1
1080,697,1
1080,311,1
1080,717,1
1080,1103,1
1081,221,1
1081,967,1
1081,2634,1
1081,2901,1
1082,958,1
1082,967,1
1082,651,1
1083,1308,1
1083,1796,1
1083,604,1
1083,1491,1
1083,2825,1
1083,2065,1
1083,1404,1
1083,149,1
1083,1162,1
1083,1852,1
1083,787,1
1083,2473,1
1083,2552,1
1083,1907,1
1083,652,1
1084,2976,1
1084,2036,1
1084,884,1
1084,467,1
1085,911,1
1085,122,1
1085,2359,1
1085,481,1
1085,1425,1
1085,2895,1
1085,2180,1
1086,1694,1
1086,1425,1
1086,2388,1
1086,223,1
1087,910,1
1087,2089,1
1087,504,1
1087,1801,1
1087,967,1
1087,857,1